V;Ac1 ac+R6G VC;Ac2 ac+R6G VC;Ac3 ac+R6G VC;Ac4 ac+R6G VC
0,649998;59,1577;60,1831;59,6979;61,236
0,648002;57,8759;58,9563;58,352;59,9268
0,646005;57,2625;58,3429;57,7111;59,2859
0,644009;56,7773;57,8485;57,2168;58,7823
0,642012;56,3287;57,3999;56,759;58,3062
0,640016;55,9167;56,9879;56,3378;57,8759
0,638019;55,5138;56,5942;55,935;57,4731
0,636023;55,1385;56,2005;55,5322;57,0703
0,634026;54,7906;55,8434;55,1843;56,7041
0,63203;54,3969;55,4589;54,7906;56,2921
0,630034;54,0673;55,1202;54,4518;55,9533
0,628037;53,7377;54,7906;54,1131;55,6054
0,626041;53,4081;54,4427;53,7743;55,2575
0,624044;53,0968;54,1314;53,4539;54,9279
0,622048;52,7672;53,7926;53,1243;54,58
0,620051;52,4651;53,4813;52,8222;54,2779
0,618055;52,1813;53,1975;52,5292;53,9666
0,616058;51,8608;52,8771;52,1996;53,637
0,614062;51,5862;52,6024;51,9249;53,3532
0,612066;51,2932;52,3095;51,632;53,051
0,610069;51,0369;52,0256;51,3481;52,7672
0,608073;50,753;51,751;51,0735;52,4743
0,606076;50,4875;51,4763;50,7897;52,1904
0,60408;50,2312;51,2108;50,5333;51,9158
0,602083;49,9748;50,9545;50,2678;51,6503
0,600087;49,7185;50,6798;50,0023;51,3664
0,59809;49,4621;50,4234;49,7459;51,1009
0,596094;49,2149;50,1854;49,4987;50,8537
0,594097;48,9769;49,9382;49,2607;50,6065
0,592101;48,748;49,7002;49,0227;50,3593
0,590105;48,51;49,4621;48,7846;50,1213
0,588108;48,2811;49,2149;48,5374;49,865
0,586112;48,0613;48,9952;48,3268;49,6361
0,584115;47,8233;48,748;48,0888;49,398
0,582119;47,6127;48,5374;47,8599;49,1691
0,580122;47,4022;48,3177;47,6493;48,9494
0,578126;47,1733;48,0797;47,4296;48,7114
0,576129;46,9627;47,8691;47,2099;48,4916
0,574133;46,7613;47,6585;46,9993;48,2811
0,572137;46,5599;47,4479;46,7887;48,0705
0,57014;46,3859;47,2557;46,6056;47,8874
0,568144;46,1479;47,0268;46,3676;47,631
0,566147;45,9556;46,8345;46,1845;47,4479
0,564151;45,7633;46,6423;45,9831;47,2374
0,562154;45,5802;46,4408;45,7908;47,0359
0,560158;45,388;46,2577;45,6077;46,8437
0,558161;45,1957;46,0472;45,3971;46,6331
0,556165;45,0126;45,8732;45,214;46,4408
0,554168;44,8386;45,6809;45,0309;46,2577
0,552172;44,6555;45,4887;44,8386;46,0563
0,550176;44,4907;45,3147;44,6738;45,8915
0,548179;44,2985;45,1225;44,4816;45,6901
0,546183;44,1337;44,9485;44,3168;45,5161
0,544186;43,9506;44,7745;44,1245;45,3239
0,54219;43,7858;44,6006;43,9506;45,1499
0,540193;43,621;44,4358;43,7949;44,9851
0,538197;43,4562;44,2618;43,621;44,8112
0,5362;43,2822;44,0787;43,4379;44,6189
0,534204;43,1174;43,9139;43,2822;44,4541
0,532208;42,9618;43,7583;43,1174;44,2893
0,530211;42,8153;43,6027;42,9709;44,1337
0,528215;42,6413;43,4287;42,7878;43,9597
0,526218;42,4949;43,2731;42,6322;43,8041
0,524222;42,3301;43,0991;42,4674;43,621
0,522225;42,2019;42,9618;42,3301;43,4836
0,520229;42,0371;42,797;42,1653;43,3097
0,518232;41,8997;42,6413;42,0188;43,154
0,516236;41,7624;42,504;41,8631;43,0076
0,514239;41,5976;42,3392;41,6983;42,8428
0,512243;41,4603;42,2019;41,5702;42,6871
0,510247;41,3138;42,0462;41,4237;42,5406
0,50825;41,1673;41,8997;41,268;42,385
0,506254;41,0391;41,7716;41,1398;42,2568
0,504257;40,8835;41,5976;40,9659;42,0829
0,502261;40,7553;41,4694;40,8377;41,9547
0,500264;40,6271;41,3321;40,7095;41,8082
0,498268;40,4898;41,1948;40,5722;41,6617
0,496271;40,3525;41,0575;40,4257;41,5244
0,494275;40,206;40,911;40,2884;41,3779
0,492279;40,087;40,7828;40,1511;41,2406
0,490282;39,968;40,6455;40,0412;41,1124
0,488286;39,8215;40,5081;39,8856;40,9659
0,486289;39,7024;40,3799;39,7665;40,8377
0,484293;39,5651;40,2335;39,6292;40,7004
0,482296;39,4461;40,1144;39,4919;40,5722
0,4803;39,3088;39,9771;39,3637;40,4257
0,478303;39,1989;39,8581;39,2355;40,2976
0,476307;39,0707;39,7299;39,1165;40,1694
0,47431;38,9609;39,6109;38,9975;40,0504
0,472314;38,8327;39,4827;38,8602;39,913
0,470318;38,7137;39,3545;38,732;39,7848
0,468321;38,5946;39,2355;38,6038;39,6567
0,466325;38,4756;39,1073;38,4848;39,5377
0,464328;38,3566;38,9883;38,3658;39,4095
0,462332;38,2376;38,8693;38,2467;39,2905
0,460335;38,1186;38,7411;38,1186;39,1623
0,458339;38,0179;38,6313;38,0087;39,0524
0,456342;37,8897;38,5031;37,8897;38,9242
0,454346;37,789;38,3932;37,7707;38,8144
0,45235;37,6791;38,2834;37,6608;38,7137
0,450353;37,5601;38,1643;37,5326;38,5855
0,448357;37,4411;38,0453;37,4228;38,4665
0,44636;37,3312;37,9263;37,3037;38,3474
0,444364;37,2305;37,8164;37,1847;38,2284
0,442367;37,1298;37,7157;37,0932;38,1369
0,440371;37,0016;37,5784;36,9467;37,9995
0,438374;36,8917;37,4777;36,846;37,8897
0,436378;36,791;37,3678;36,7269;37,7798
0,434381;36,6903;37,258;36,6262;37,6699
0,432385;36,5988;37,1481;36,5255;37,5692
0,430389;36,4614;37,0291;36,3973;37,4411
0,428392;36,3699;36,9284;36,2966;37,3404
0,426396;36,2692;36,8185;36,1959;37,2305
0,424399;36,1501;36,7086;36,0769;37,1206
0,422403;36,0677;36,6079;35,9762;37,0199
0,420406;35,9487;36,4889;35,8572;36,9009
0,41841;35,848;36,3973;35,7656;36,8002
0,416413;35,7382;36,2783;35,6466;36,6903
0,414417;35,6374;36,1776;35,5459;36,5805
0,412421;35,5459;36,0861;35,4543;36,4889
0,410424;35,4452;35,967;35,3445;36,379
0,408428;35,3262;35,848;35,2255;36,26
0,406431;35,2255;35,7473;35,1156;36,1501
0,404435;35,1247;35,6466;35,024;36,0494
0,402438;35,0332;35,5367;34,9233;35,9487
0,400442;34,9142;35,4269;34,8135;35,8389
0,398445;34,8226;35,317;34,7036;35,729
0,396449;34,7127;35,1888;34,5937;35,61
0,394452;34,6212;35,1064;34,5022;35,5184
0,392456;34,5113;34,9783;34,374;35,3902
0,39046;34,4015;34,8684;34,2733;35,2895
0,388463;34,3008;34,7768;34,1817;35,1797
0,386467;34,1909;34,6487;34,0536;35,0607
0,38447;34,0902;34,548;33,9528;34,9508
0,382474;33,9803;34,4472;33,843;34,8501
0,380477;33,8705;34,3374;33,7331;34,7311
0,378481;33,7697;34,2275;33,6416;34,6304
0,376484;33,6416;34,0902;33,4951;34,493
0,374488;33,55;33,9986;33,4035;34,3923
0,372492;33,4401;33,8888;33,2937;34,2824
0,370495;33,312;33,7697;33,1655;34,1634
0,368499;33,2021;33,6416;33,0556;34,0444
0,366502;33,0831;33,5134;32,9274;33,9071
0,364506;32,9732;33,3944;32,8084;33,7972
0,362509;32,8634;33,2753;32,6986;33,669
0,360513;32,7169;33,138;32,5521;33,5317
0,358516;32,5978;33,019;32,4331;33,4127
0,35652;32,4697;32,8817;32,3049;33,2753
0,354523;32,3507;32,7535;32,1767;33,1472
0,352527;32,195;32,607;32,0302;33,0007
0,350531;32,0668;32,4605;31,8837;32,8634
0,348534;31,9295;32,3232;31,7556;32,726
0,346538;31,783;32,1767;31,6091;32,5795
0,344541;31,6274;32,0119;31,4443;32,4239
0,342545;31,4717;31,8563;31,2886;32,2683
0,340548;31,3161;31,7006;31,133;32,1035
0,338552;31,1513;31,5267;30,9682;31,9478
0,336555;30,9773;31,3527;30,7942;31,7647
0,334559;30,8125;31,1788;30,6294;31,5999
0,332563;30,6111;30,9773;30,428;31,4076
0,330566;30,4372;30,7942;30,2541;31,2245
0,32857;30,2266;30,5745;30,0435;31,014
0,326573;30,016;30,3731;29,8512;30,8217
0,324577;29,8146;30,1534;29,6406;30,6111
0,32258;29,5674;29,9153;29,3935;30,3822
0,320584;29,3385;29,6773;29,1646;30,1534
0,318587;29,0913;29,4209;28,9174;29,9153
0,316591;28,835;29,1646;28,661;29,659
0,314594;28,5969;28,9265;28,4321;29,4209
0,312598;28,2673;28,5878;28,1025;29,1096
0,310602;27,9835;28,2948;27,8279;28,8258
0,308605;27,6814;27,9835;27,5257;28,5328
0,306609;27,361;27,6631;27,2053;28,2307
0,304612;27,0405;27,3426;26,894;27,9194
0,302616;26,6468;26,9581;26,5095;27,5532
0,300619;26,2806;26,5736;26,1433;27,1962
0,298623;25,8869;26,1891;25,7679;26,8391
0,296626;25,4658;25,7588;25,3468;26,4271
0,29463;25,0629;25,3559;24,9531;26,0517
0,292634;24,5869;24,8798;24,477;25,594
0,290637;24,1108;24,3946;24,0101;25,1453
0,288641;23,5889;23,8727;23,4974;24,6601
0,286644;23,0671;23,36;22,9847;24,1657
0,284648;22,5269;22,8199;22,4537;23,6622
0,282651;21,9501;22,2431;21,886;23,1128
0,280655;21,3184;21,6114;21,2634;22,5177
0,278658;20,6592;20,943;20,6134;21,9135
0,276662;20;20,293;19,9725;21,3001
0,274665;19,3133;19,6246;19,3042;20,6683
0,272669;18,5351;18,8556;18,5534;19,9542
0,270673;17,7661;18,0957;17,7844;19,2401
0,268676;16,9146;17,2717;16,9604;18,4619
0,26668;16,1089;16,466;16,1547;17,7111
0,264683;15,2026;15,5779;15,2667;16,878
0,262687;14,2687;14,6624;14,3603;16,0174
0,26069;13,3074;13,7285;13,4264;15,1476
0,258694;12,2545;12,694;12,3827;14,1772
0,256697;11,2108;11,6777;11,3481;13,2158
0,254701;10,1213;10,6249;10,2953;12,2362
0,252705;8,95857;9,49874;9,14168;11,1742
0,250708;7,8233;8,40009;8,03387;10,1396
0,248712;6,49577;7,11833;6,72465;8,93111
0,246715;5,24147;5,89151;5,47951;7,78668
0,244719;3,90478;4,60975;4,17029;6,57816
0,242722;1,42779;2,34699;1,70245;5,33303
0,240726;0,319982;1,23461;0,612039;4,0238
0,238729;-1,08904;-0,121309;-0,768597;1,80316
0,236733;-2,5594;-1,54314;-2,21698;0,668803
0,234736;-4,0856;-3,00984;-3,71939;-0,635843
0,23274;-5,76928;-4,60929;-5,39025;-2,11536
0,230744;-7,39895;-6,1648;-6,99886;-3,57473
0,228747;-9,15312;-7,83291;-8,73381;-5,13939
0,226751;-10,9128;-9,50744;-10,4669;-6,72053
0,224754;-12,7558;-11,2534;-12,287;-8,35935
0,222758;-14,6207;-13,0277;-14,1483;-10,0348
0,220761;-16,5415;-14,845;-16,0545;-11,7469
0,218765;-18,4752;-16,6752;-17,9606;-13,4836
0,216768;-20,5196;-18,6043;-19,994;-15,3056
0,214772;-22,564;-20,5534;-22,0256;-17,1421
0,212776;-24,6725;-22,5457;-24,1158;-19,0236
0,210779;-26,7965;-24,5544;-26,2252;-20,9233
0,208783;-28,8258;-26,639;-28,4189;-22,9009
0,206786;-30,8675;-28,5695;-30,428;-24,8775
0,20479;-33,1289;-30,602;-32,5704;-26,943
0,202793;-35,3719;-32,7077;-34,786;-28,8258
0,200797;-37,7798;-34,9599;-37,1756;-30,8675
0,1988;-40,1419;-37,1847;-39,5285;-32,9549
0,196804;-42,5132;-39,4003;-41,8906;-35,0607
0,194807;-45,0309;-41,7533;-44,39;-37,2946
0,192811;-47,5395;-44,1062;-46,8894;-39,5377
0,190815;-50,0664;-46,4775;-49,4163;-41,8082
0,188818;-52,639;-48,8762;-51,9799;-44,1154
0,186822;-55,1293;-51,1925;-54,461;-46,3493
0,184825;-57,8576;-53,756;-57,1893;-48,8121
0,182829;-60,4944;-56,2188;-59,826;-51,165
0,180832;-63,1769;-58,7366;-62,5269;-53,5912
0,178836;-65,8503;-61,2543;-65,2094;-55,9991
0,176839;-68,4962;-63,7263;-67,837;-58,3795
0,174843;-71,3069;-66,3447;-70,6569;-60,9064
0,172847;-74,081;-68,9357;-73,431;-63,3967
0,17085;-76,8368;-71,5084;-76,1959;-65,8686
0,168854;-79,6658;-74,1726;-79,0433;-68,423
0,166857;-82,4125;-76,7361;-81,7899;-70,9316
0,164861;-85,2598;-79,4095;-84,6464;-73,5134
0,162864;-88,0797;-82,0554;-87,4662;-76,0861
0,160868;-90,9728;-84,7837;-90,3868;-78,7137
0,158871;-93,8018;-87,4388;-93,2158;-81,2863
0,156875;-96,5942;-90,0572;-96,0082;-83,8224
0,154878;-99,4415;-92,7306;-98,8647;-86,4134
0,152882;-102,344;-95,4681;-101,794;-89,0776
0,150886;-105,209;-98,1872;-104,678;-91,7052
0,148889;-108,066;-100,861;-107,535;-94,3053
0,146893;-110,858;-103,497;-110,336;-96,8872
0,144896;-113,724;-106,235;-113,239;-99,5331
0,1429;-116,553;-108,899;-116,086;-102,152
0,140903;-119,437;-111,655;-118,997;-104,834
0,138907;-122,193;-114,273;-121,744;-107,398
0,13691;-124,976;-116,928;-124,555;-110,007
0,134914;-127,768;-119,593;-127,366;-112,616
0,132918;-130,488;-122,211;-130,103;-115,189
0,130921;-133,289;-124,875;-132,923;-117,835
0,128925;-135,999;-127,494;-135,651;-120,417
0,126928;-138,663;-130,066;-138,334;-122,971
0,124932;-141,346;-132,657;-141,044;-125,544
0,122935;-143,864;-135,111;-143,58;-127,988
0,120939;-146,601;-137,757;-146,326;-130,634
0,118942;-149,128;-140,229;-148,872;-133,106
0,116946;-151,6;-142,673;-151,371;-135,55
0,114949;-154,072;-145,118;-153,852;-138,004
0,112953;-156,471;-147,507;-156,269;-140,403
0,110957;-158,878;-149,915;-158,695;-142,838
0,10896;-161,176;-152,232;-161,021;-145,182
0,106964;-163,365;-154,466;-163,227;-147,462
0,104967;-165,617;-156,745;-165,48;-149,787
0,102971;-167,704;-158,915;-167,594;-152,012
0,100974;-169,783;-161,076;-169,682;-154,228
0,0989779;-171,733;-163,136;-171,65;-156,37
0,0969814;-173,619;-165,168;-173,564;-158,485
0,094985;-175,431;-167,137;-175,386;-160,545
0,0929885;-177,134;-169,023;-177,107;-162,541
0,0909921;-178,709;-170,817;-178,691;-164,454
0,0889956;-180,256;-172,593;-180,247;-166,358
0,0869992;-181,675;-174,296;-181,675;-168,208
0,0850027;-182,948;-175,88;-182,93;-169,957
0,0830063;-184,065;-177,372;-184,047;-171,623
0,0810098;-184,981;-178,791;-184,953;-173,243
0,0790134;-185,621;-180,073;-185,621;-174,726
0,0770169;-186,299;-181,282;-186,418;-176,191
0,0750205;-187,224;-182,28;-187,388;-177,482
0,073024;-187,91;-183,168;-188,002;-178,746
0,0710276;-188,396;-183,827;-188,478;-179,854
0,0690311;-188,753;-184,376;-188,844;-180,806
0,0670347;-189,11;-185,255;-189,192;-181,675
0,0650382;-189,247;-185,896;-189,302;-182,316
0,0630418;-189,146;-186,326;-189,165;-182,811
0,0610453;-188,817;-186,638;-188,817;-183,397
0,0590488;-188,167;-186,793;-188,157;-184,038
0,0570524;-187,535;-186,958;-187,507;-184,44
0,0550559;-186,629;-186,812;-186,601;-184,66
0,0530595;-185,557;-186,473;-185,502;-184,788
0,051063;-184,303;-185,924;-184,221;-184,807
0,0490666;-182,847;-185,182;-182,737;-184,642
0,0470701;-181,346;-184,349;-181,199;-184,34
0,0450737;-179,634;-183,296;-179,442;-183,781
0,0430772;-177,775;-182,06;-177,528;-183,03
0,0410808;-175,834;-180,705;-175,541;-182,152
0,0390843;-173,674;-179,094;-173,335;-180,989
0,0370879;-171,531;-177,427;-171,147;-179,771
0,0350914;-169,252;-175,587;-168,821;-178,334
0,033095;-166,954;-173,637;-166,459;-176,786
0,0310985;-164,564;-171,54;-164,024;-175,056
0,0291021;-162,119;-169,316;-161,515;-173,152
0,0271056;-159,675;-167,045;-159,034;-171,156
0,0251092;-157,267;-164,738;-156,58;-169,087
0,0231127;-154,878;-162,376;-154,136;-166,926
0,0211163;-152,461;-159,931;-151,682;-164,637
0,0191198;-150,034;-157,459;-149,238;-162,257
0,0171234;-147,745;-155,051;-146,903;-159,913
0,0151269;-145,475;-152,634;-144,587;-157,505
0,0131305;-143,268;-150,263;-142,39;-155,125
0,011134;-141,071;-147,874;-140,156;-152,689
0,0091376;-138,984;-145,576;-138,059;-150,309
0,00714115;-136,933;-143,314;-135,99;-147,956
0,0051447;-134,919;-141,099;-133,985;-145,612
0,00314825;-133,033;-139,011;-132,117;-143,397
0,0011518;-131,156;-136,924;-130,222;-141,172
-0,000844653;-129,343;-134,919;-128,428;-139,011
-0,0028411;-127,604;-132,996;-126,715;-136,942
-0,00483755;-125,846;-131,046;-124,985;-134,855
-0,006834;-124,289;-129,297;-123,456;-132,987
-0,00883045;-122,66;-127,512;-121,854;-131,055
-0,0108269;-121,112;-125,8;-120,325;-129,215
-0,0128234;-119,611;-124,161;-118,869;-127,448
-0,0148198;-118,155;-122,577;-117,441;-125,727
-0,0168163;-116,782;-121,067;-116,104;-124,097
-0,0188127;-115,409;-119,565;-114,749;-122,486
-0,0208092;-114,054;-118,1;-113,449;-120,911
-0,0228056;-112,818;-116,773;-112,259;-119,474
-0,0248021;-111,554;-115,399;-111,023;-118
-0,0267985;-110,355;-114,127;-109,879;-116,626
-0,028795;-109,174;-112,845;-108,734;-115,271
-0,0307914;-108,057;-111,646;-107,645;-113,98
-0,0327879;-106,949;-110,465;-106,583;-112,717
-0,0347843;-105,878;-109,311;-105,539;-111,49
-0,0367808;-104,807;-108,185;-104,523;-110,3
-0,0387772;-103,818;-107,132;-103,561;-109,155
-0,0407737;-102,829;-106,088;-102,618;-108,057
-0,0427701;-101,868;-105,063;-101,694;-106,967
-0,0447666;-100,916;-104,065;-100,778;-105,914
-0,046763;-100,009;-103,113;-99,9176;-104,907
-0,0487595;-99,1211;-102,179;-99,0478;-103,9
-0,0507559;-98,2696;-101,282;-98,233;-102,957
-0,0527524;-97,4182;-100,375;-97,409;-102,005
-0,0547488;-96,6125;-99,5514;-96,6491;-101,117
-0,0567453;-95,7977;-98,6908;-95,8618;-100,211
-0,0587417;-95,0011;-97,8576;-95,0927;-99,3408
-0,0607382;-94,2504;-97,0794;-94,3786;-98,526
-0,0627346;-93,518;-96,3104;-93,6645;-97,7111
-0,0647311;-92,7764;-95,5505;-92,9686;-96,9055
-0,0667275;-92,0714;-94,8089;-92,2728;-96,1364
-0,068724;-91,3481;-94,0581;-91,577;-95,3491
-0,0707204;-90,7164;-93,3898;-90,9728;-94,6441
-0,0727169;-90,0389;-92,6848;-90,3044;-93,9117
-0,0747133;-89,398;-92,0165;-89,691;-93,2067
-0,0767098;-88,7388;-91,339;-89,0684;-92,5017
-0,0787062;-88,1163;-90,6889;-88,455;-91,8151
-0,0807027;-87,5212;-90,0938;-87,8965;-91,1742
-0,0826991;-86,9352;-89,4804;-87,3014;-90,5333
-0,0846956;-86,3401;-88,8579;-86,7247;-89,8741
-0,086692;-85,7816;-88,2811;-86,1936;-89,279
-0,0886885;-85,2049;-87,686;-85,6168;-88,6381
-0,0906849;-84,6738;-87,1366;-85,1133;-88,0613
-0,0926814;-84,1337;-86,569;-84,5914;-87,4846
-0,0946778;-83,621;-86,038;-84,0696;-86,9169
-0,0966743;-83,0991;-85,4978;-83,566;-86,3493
-0,0986707;-82,5864;-84,9485;-83,0716;-85,7908
-0,100667;-82,0829;-84,4358;-82,5772;-85,2689
-0,102664;-81,6251;-83,9506;-82,1195;-84,7471
-0,10466;-81,1307;-83,4562;-81,6434;-84,2252
-0,106657;-80,6638;-82,9801;-81,1673;-83,7125
-0,108653;-80,206;-82,4857;-80,7095;-83,209
-0,110649;-79,7574;-82,0188;-80,2701;-82,7237
-0,112646;-79,3088;-81,5427;-79,8398;-82,2477
-0,114642;-78,8876;-81,1032;-79,4095;-81,7807
-0,116639;-78,4298;-80,6363;-78,9517;-81,3046
-0,118635;-78,0179;-80,2152;-78,5489;-80,856
-0,120632;-77,5967;-79,7665;-78,1369;-80,4074
-0,122628;-77,1939;-79,3362;-77,7249;-79,9588
-0,124625;-76,8002;-78,9242;-77,3312;-79,5377
-0,126621;-76,3882;-78,5031;-76,9375;-79,1073
-0,128617;-76,0037;-78,1003;-76,5347;-78,6862
-0,130614;-75,6191;-77,7157;-76,1685;-78,2834
-0,13261;-75,2255;-77,2854;-75,7656;-77,8531
-0,134607;-74,8867;-76,9467;-75,4269;-77,4868
-0,136603;-74,5022;-76,5438;-75,0423;-77,0748
-0,1386;-74,136;-76,1593;-74,6761;-76,6903
-0,140596;-73,7789;-75,8022;-74,3191;-76,3058
-0,142593;-73,4218;-75,4269;-73,962;-75,9304
-0,144589;-73,0922;-75,0607;-73,6233;-75,5734
-0,146586;-72,7443;-74,6944;-73,2753;-75,198
-0,148582;-72,3964;-74,3374;-72,9274;-74,8409
-0,150578;-72,076;-73,9986;-72,607;-74,4839
-0,152575;-71,7372;-73,6507;-72,2774;-74,1268
-0,154571;-71,4168;-73,3028;-71,957;-73,7789
-0,156568;-71,1147;-72,9732;-71,6274;-73,4218
-0,158564;-70,7942;-72,6528;-71,3161;-73,0922
-0,160561;-70,4829;-72,314;-71,0048;-72,7626
-0,162557;-70,1717;-72,0027;-70,6844;-72,4331
-0,164554;-69,8512;-71,6823;-70,3914;-72,0943
-0,16655;-69,5674;-71,371;-70,0893;-71,7739
-0,168546;-69,2744;-71,0689;-69,7963;-71,4626
-0,170543;-68,9906;-70,7668;-69,5125;-71,1421
-0,172539;-68,7068;-70,4555;-69,2103;-70,8309
-0,174536;-68,423;-70,1625;-68,9265;-70,5287
-0,176532;-68,1483;-69,8695;-68,6336;-70,2266
-0,178529;-67,8828;-69,5949;-68,368;-69,9245
-0,180525;-67,6081;-69,3019;-68,0842;-69,6223
-0,182522;-67,361;-69,0272;-67,8096;-69,3477
-0,184518;-67,0954;-68,7434;-67,5532;-69,0547
-0,186515;-66,8299;-68,4688;-67,2786;-68,7709
-0,188511;-66,5827;-68,2124;-67,0222;-68,5054
-0,190507;-66,3355;-67,9469;-66,7659;-68,2216
-0,192504;-66,0975;-67,6814;-66,5187;-67,9469
-0,1945;-65,8412;-67,425;-66,2715;-67,6814
-0,196497;-65,594;-67,1504;-65,9876;-67,3884
-0,198493;-65,3925;-66,9306;-65,7862;-67,1595
-0,20049;-65,1545;-66,6743;-65,5299;-66,894
-0,202486;-64,9256;-66,4179;-65,301;-66,6285
-0,204483;-64,6876;-66,1707;-65,0629;-66,3813
-0,206479;-64,4678;-65,9236;-64,8249;-66,1158
-0,208475;-64,2756;-65,6947;-64,6143;-65,8869
-0,210472;-64,0375;-65,4566;-64,3763;-65,6306
-0,212468;-63,827;-65,2003;-64,1474;-65,3925
-0,214465;-63,6347;-64,9805;-63,9368;-65,1637
-0,216461;-63,415;-64,7333;-63,6896;-64,9165
-0,218458;-63,2319;-64,5228;-63,4882;-64,6876
-0,220454;-63,0304;-64,2939;-63,2685;-64,4587
-0,222451;-62,8382;-64,0833;-63,0671;-64,2298
-0,224447;-62,6276;-63,8453;-62,8565;-63,9918
-0,226444;-62,4262;-63,6255;-62,6459;-63,772
-0,22844;-62,2339;-63,3967;-62,4537;-63,5431
-0,230436;-62,0325;-63,2044;-62,2889;-63,3417
-0,232433;-61,8585;-62,9847;-62,0874;-63,122
-0,234429;-61,6571;-62,7649;-61,8952;-62,8931
-0,236426;-61,474;-62,5452;-61,7304;-62,6825
-0,238422;-61,3184;-62,3529;-61,5656;-62,4811
-0,240419;-61,1719;-62,1515;-61,3733;-62,2797
-0,242415;-61,0346;-61,9684;-61,1719;-62,0691
-0,244412;-60,8972;-61,7487;-60,9339;-61,8585
-0,246408;-60,7691;-61,5656;-60,6958;-61,6663
-0,248404;-60,5768;-61,3825;-60,4395;-61,474
-0,250401;-60,2838;-61,1994;-60,2014;-61,2726
-0,252397;-59,881;-61,0254;-60;-61,0895
-0,254394;-59,5331;-60,8423;-59,8169;-60,8972
-0,25639;-59,2859;-60,6592;-59,6338;-60,705
-0,258387;-59,1119;-60,4944;-59,469;-60,531
-0,260383;-58,938;-60,3021;-59,2859;-60,3388
-0,26238;-58,8006;-60,1648;-59,1577;-60,1831
-0,264376;-58,6084;-59,9908;-58,9654;-59,9908
-0,266373;-58,4344;-59,8352;-58,8006;-59,8169
-0,268369;-58,2696;-59,6796;-58,6358;-59,6429
-0,270365;-58,114;-59,5148;-58,4802;-59,4781
-0,272362;-57,9675;-59,3774;-58,3246;-59,3133
-0,274358;-57,8119;-59,2218;-58,1781;-59,1485
-0,276355;-57,6654;-59,0753;-58,0133;-58,9837
-0,278351;-57,5372;-58,938;-57,8851;-58,8373
-0,280348;-57,3816;-58,7823;-57,7295;-58,6816
-0,282344;-57,2351;-58,6542;-57,5921;-58,5443
-0,284341;-57,0977;-58,5168;-57,4548;-58,3795
-0,286337;-56,9787;-58,3886;-57,3175;-58,233
-0,288333;-56,8414;-58,2422;-57,1893;-58,0682
-0,29033;-56,7132;-58,1048;-57,0611;-57,9217
-0,292326;-56,5942;-57,9767;-56,9238;-57,7661
-0,294323;-56,4752;-57,8576;-56,8231;-57,6471
-0,296319;-56,347;-57,7203;-56,7041;-57,5097
-0,298316;-56,228;-57,583;-56,5759;-57,3724
-0,300312;-56,1089;-57,464;-56,4752;-57,2442
-0,302309;-56,0082;-57,3449;-56,3653;-57,116
-0,304305;-55,8984;-57,2168;-56,2646;-56,997
-0,306302;-55,816;-57,116;-56,173;-56,8872
-0,308298;-55,7061;-56,9879;-56,0632;-56,759
-0,310294;-55,6237;-56,9055;-55,9899;-56,6674
-0,312291;-55,5322;-56,7773;-55,8892;-56,5484
-0,314287;-55,4406;-56,6583;-55,8068;-56,4385
-0,316284;-55,3857;-56,5118;-55,7519;-56,347
-0,31828;-55,3033;-56,4019;-55,6786;-56,2646
-0,320277;-55,23;-56,3195;-55,6054;-56,173
-0,322273;-55,1751;-56,2371;-55,5505;-56,0906
-0,32427;-55,1019;-56,1639;-55,4864;-55,9899
-0,326266;-55,0744;-56,1364;-55,4589;-55,9533
-0,328262;-55,0195;-56,0723;-55,4223;-55,8618
-0,330259;-55,0011;-56,0266;-55,3857;-55,8068
-0,332255;-54,9554;-55,9808;-55,3582;-55,7427
-0,334252;-54,9096;-55,935;-55,3216;-55,6786
-0,336248;-54,9096;-55,9258;-55,3307;-55,6603
-0,338245;-54,8913;-55,9167;-55,3216;-55,6146
-0,340241;-54,8821;-55,9098;-55,3216;-55,5779
-0,342238;-54,8913;-55,8984;-55,3399;-55,5688
-0,344234;-54,8821;-55,8984;-55,3491;-55,5322
-0,346231;-54,9096;-55,9167;-55,3857;-55,5322
-0,348227;-54,9279;-55,9258;-55,4223;-55,5322
-0,350223;-54,9737;-55,9625;-55,4772;-55,5413
-0,35222;-55,0011;-55,9899;-55,523;-55,5413
-0,354216;-55,0469;-56,0449;-55,5871;-55,5596
-0,356213;-55,111;-56,0998;-55,6512;-55,5779
-0,358209;-55,1751;-56,1913;-55,7519;-55,6329
-0,360206;-55,2667;-56,2646;-55,8526;-55,6786
-0,362202;-55,3399;-56,347;-55,9533;-55,7244
-0,364199;-55,4406;-56,4477;-56,0632;-55,7794
-0,366195;-55,5505;-56,5576;-56,2097;-55,8709
-0,368191;-55,6512;-56,6766;-56,3378;-55,9533
-0,370188;-55,7885;-56,8139;-56,5118;-56,054
-0,372184;-55,9075;-56,9329;-56,6583;-56,1364
-0,374181;-56,054;-57,1069;-56,8414;-56,2554
-0,376177;-56,2188;-57,2808;-57,0336;-56,3836
-0,378174;-56,3745;-57,4548;-57,2259;-56,5026
-0,38017;-56,5759;-57,6471;-57,4548;-56,6674
-0,382167;-56,7498;-57,8393;-57,6745;-56,8139
-0,384163;-56,9421;-58,0591;-57,9217;-56,9696
-0,38616;-57,1527;-58,2971;-58,1598;-57,1435
-0,388156;-57,3541;-58,526;-58,3978;-57,3083
-0,390152;-57,6379;-58,8006;-58,7091;-57,5372
-0,392149;-57,8393;-59,0478;-58,9746;-57,7203
-0,394145;-58,0865;-59,3225;-59,2767;-57,9309
-0,396142;-58,3429;-59,6063;-59,5789;-58,1598
-0,398138;-58,6084;-59,8993;-59,8993;-58,3795
-0,400135;-58,8922;-60,2106;-60,2472;-58,6358
-0,398138;-57,2351;-58,4527;-58,2238;-56,9238
-0,396142;-56,4752;-57,6837;-57,3907;-56,2097
-0,394145;-55,8343;-57,052;-56,7132;-55,6146
-0,392149;-55,2575;-56,4569;-56,1089;-55,0927
-0,390152;-54,7082;-55,9167;-55,5322;-54,5892
-0,388156;-54,1588;-55,3582;-54,9462;-54,0856
-0,38616;-53,6828;-54,8638;-54,4427;-53,6461
-0,384163;-53,1884;-54,3603;-53,9208;-53,1884
-0,382167;-52,7214;-53,8842;-53,4264;-52,7581
-0,38017;-52,282;-53,4081;-52,9229;-52,3461
-0,378174;-51,8242;-52,9503;-52,4468;-51,9158
-0,376177;-51,4031;-52,52;-51,9982;-51,5404
-0,374181;-50,9911;-52,0897;-51,5496;-51,1376
-0,372184;-50,5974;-51,6777;-51,1192;-50,7805
-0,370188;-50,2129;-51,284;-50,7073;-50,4234
-0,368191;-49,8192;-50,8721;-50,277;-50,0481
-0,366195;-49,4621;-50,4967;-49,8924;-49,7185
-0,364199;-49,1051;-50,1305;-49,4987;-49,3797
-0,362202;-48,7755;-49,7826;-49,1417;-49,0684
-0,360206;-48,4367;-49,4255;-48,7663;-48,748
-0,358209;-48,1071;-49,0867;-48,4184;-48,4367
-0,356213;-47,7867;-48,7572;-48,0613;-48,1346
-0,354216;-47,4937;-48,4459;-47,7409;-47,8508
-0,35222;-47,2007;-48,1346;-47,4296;-47,5761
-0,350223;-46,9078;-47,8325;-47,1;-47,2923
-0,348227;-46,6239;-47,5303;-46,7887;-47,0268
-0,346231;-46,3676;-47,2557;-46,5049;-46,7704
-0,344234;-46,1021;-46,9718;-46,2119;-46,5049
-0,342238;-45,8549;-46,7338;-45,9464;-46,276
-0,340241;-45,5894;-46,45;-45,6626;-46,0288
-0,338245;-45,3605;-46,2119;-45,4063;-45,8091
-0,336248;-45,1225;-45,9648;-45,1499;-45,5802
-0,334252;-44,8753;-45,7176;-44,8936;-45,3513
-0,332255;-44,683;-45,4978;-44,6921;-45,2232
-0,330259;-44,4633;-45,2689;-44,445;-45,4154
-0,328262;-44,2435;-45,0492;-44,1978;-44,9851
-0,326266;-44,0421;-44,8386;-43,9689;-44,9119
-0,32427;-43,8315;-44,6098;-43,7491;-44,39
-0,322273;-43,6667;-44,4358;-43,566;-44,1978
-0,320277;-43,4653;-44,2344;-43,3463;-43,9963
-0,31828;-43,2822;-44,0421;-43,1449;-43,8132
-0,316284;-43,0991;-43,8499;-42,9526;-43,6301
-0,314287;-42,9252;-43,6667;-42,7604;-43,4562
-0,312291;-42,7695;-43,5019;-42,5956;-43,3097
-0,310294;-42,5956;-43,3188;-42,4125;-43,1357
-0,308298;-42,4308;-43,1449;-42,2202;-42,9618
-0,306302;-42,2843;-43,0076;-42,0645;-42,8153
-0,304305;-42,1012;-42,8244;-41,8906;-42,6596
-0,302309;-41,973;-42,6871;-41,735;-42,5223
-0,300312;-41,8173;-42,5223;-41,5702;-42,3667
-0,298316;-41,68;-42,385;-41,4237;-42,2293
-0,296319;-41,5427;-42,2385;-41,268;-42,0829
-0,294323;-41,387;-42,0829;-41,1215;-41,9364
-0,292326;-41,2589;-41,9455;-40,9842;-41,8082
-0,29033;-41,1398;-41,8173;-40,856;-41,6709
-0,288333;-40,9934;-41,68;-40,7095;-41,5427
-0,286337;-40,8743;-41,5427;-40,5631;-41,4145
-0,284341;-40,7462;-41,4145;-40,444;-41,2863
-0,282344;-40,6271;-41,2955;-40,3159;-41,1673
-0,280348;-40,499;-41,1582;-40,1877;-41,0391
-0,278351;-40,3891;-41,0483;-40,0778;-40,9293
-0,276355;-40,2609;-40,9201;-39,9313;-40,8011
-0,274358;-40,1602;-40,8194;-39,8306;-40,6912
-0,272362;-40,0504;-40,7004;-39,7208;-40,5905
-0,270365;-39,9222;-40,5722;-39,5834;-40,4623
-0,268369;-39,8215;-40,4715;-39,4827;-40,3525
-0,266373;-39,7208;-40,3616;-39,3729;-40,2518
-0,264376;-39,6109;-40,2518;-39,2721;-40,1419
-0,26238;-39,5102;-40,1511;-39,1714;-40,0412
-0,260383;-39,3912;-40,0229;-39,0341;-39,913
-0,258387;-39,3088;-39,9496;-38,97;-39,8398
-0,25639;-39,1989;-39,8306;-38,8327;-39,7299
-0,254394;-39,1165;-39,7299;-38,7503;-39,6292
-0,252397;-39,0066;-39,6292;-38,6496;-39,5285
-0,250401;-38,9059;-39,5285;-38,5214;-39,4186
-0,248404;-38,8235;-39,4461;-38,4482;-39,3362
-0,246408;-38,7228;-39,3454;-38,3474;-39,2355
-0,244412;-38,6221;-39,2447;-38,2467;-39,1348
-0,242415;-38,5489;-39,1623;-38,1735;-39,0524
-0,240419;-38,4482;-39,0616;-38,0545;-38,9425
-0,238422;-38,3566;-38,9792;-37,9721;-38,8602
-0,236426;-38,265;-38,8785;-37,8714;-38,7686
-0,234429;-38,1918;-38,8052;-37,7981;-38,6862
-0,232433;-38,1094;-38,7137;-37,7066;-38,5946
-0,230436;-38,0087;-38,613;-37,6059;-38,4939
-0,22844;-37,9263;-38,5306;-37,5143;-38,4115
-0,226444;-37,8531;-38,4482;-37,4319;-38,3383
-0,224447;-37,7707;-38,3658;-37,3587;-38,2467
-0,222451;-37,6883;-38,2834;-37,2671;-38,1643
-0,220454;-37,5967;-38,1918;-37,1756;-38,0728
-0,218458;-37,5143;-38,1186;-37,1023;-37,9995
-0,216461;-37,4319;-38,0179;-37,0016;-37,8897
-0,214465;-37,3587;-37,9629;-36,9467;-37,8439
-0,212468;-37,2671;-37,8714;-36,8368;-37,7432
-0,210472;-37,1939;-37,789;-36,7819;-37,6699
-0,208475;-37,1206;-37,7066;-36,6903;-37,5784
-0,206479;-37,0199;-37,615;-36,6079;-37,4868
-0,204483;-36,965;-37,5601;-36,5347;-37,4228
-0,202486;-36,8826;-37,4777;-36,4614;-37,3404
-0,20049;-36,8093;-37,3861;-36,3882;-37,258
-0,198493;-36,7361;-37,3129;-36,3149;-37,1756
-0,196497;-36,6445;-37,2122;-36,2051;-37,084
-0,1945;-36,5896;-37,1756;-36,1685;-37,0382
-0,192504;-36,5072;-37,084;-36,0769;-36,9467
-0,190507;-36,4248;-37,0016;-35,9945;-36,8643
-0,188511;-36,3607;-36,9284;-35,9213;-36,791
-0,186515;-36,2875;-36,846;-35,8389;-36,7086
-0,184518;-36,2142;-36,791;-35,7748;-36,6445
-0,182522;-36,1501;-36,7178;-35,7015;-36,5713
-0,180525;-36,0678;-36,6354;-35,6191;-36,4797
-0,178529;-36,0037;-36,5713;-35,5734;-36,4248
-0,176532;-35,9304;-36,4797;-35,4818;-36,3333
-0,174536;-35,8572;-36,4157;-35,4177;-36,2783
-0,172539;-35,7931;-36,3424;-35,3445;-36,1868
-0,170543;-35,7198;-36,2783;-35,2804;-36,1227
-0,168546;-35,6374;-36,2051;-35,2071;-36,0586
-0,16655;-35,5917;-36,141;-35,1339;-35,967
-0,164554;-35,5001;-36,0586;-35,0607;-35,903
-0,162557;-35,4452;-35,9945;-34,9966;-35,8389
-0,160561;-35,3811;-35,9213;-34,9233;-35,7656
-0,158564;-35,2987;-35,848;-34,8592;-35,7015
-0,156568;-35,2346;-35,7748;-34,7768;-35,6191
-0,154571;-35,1705;-35,729;-34,7219;-35,555
-0,152575;-35,1064;-35,6466;-34,6487;-35,4726
-0,150578;-35,0423;-35,5825;-34,5846;-35,4086
-0,148582;-34,9599;-35,5001;-34,5022;-35,3262
-0,146586;-34,905;-35,4452;-34,4472;-35,2712
-0,144589;-34,8409;-35,3811;-34,3832;-35,198
-0,142593;-34,7677;-35,2987;-34,3008;-35,1247
-0,140596;-34,7036;-35,2346;-34,2458;-35,0607
-0,1386;-34,6395;-35,1797;-34,1817;-34,9874
-0,136603;-34,5754;-35,1156;-34,1085;-34,9233
-0,134607;-34,5205;-35,0515;-34,0444;-34,8592
-0,13261;-34,4289;-34,9508;-33,9528;-34,7677
-0,130614;-34,3832;-34,9233;-33,9345;-34,7311
-0,128617;-34,3191;-34,8409;-33,843;-34,6487
-0,126621;-34,2458;-34,7768;-33,7881;-34,5846
-0,124625;-34,1817;-34,7127;-33,7148;-34,5113
-0,122628;-34,1085;-34,6395;-33,6416;-34,4381
-0,120632;-34,0627;-34,5937;-33,5866;-34,374
-0,118635;-33,9895;-34,5113;-33,5134;-34,3099
-0,116639;-33,9162;-34,4381;-33,4493;-34,2367
-0,114642;-33,8705;-34,3923;-33,4035;-34,1909
-0,112646;-33,7789;-34,3008;-33,3028;-34,0993
-0,110649;-33,7331;-34,255;-33,257;-34,0444
-0,108653;-33,669;-34,1726;-33,1746;-33,9712
-0,106657;-33,6141;-34,1268;-33,1197;-33,9162
-0,10466;-33,55;-34,0536;-33,0556;-33,8521
-0,102664;-33,4676;-33,9803;-32,9732;-33,7697
-0,100667;-33,4035;-33,9071;-32,9;-33,6965
-0,0986707;-33,3577;-33,8521;-32,845;-33,6416
-0,0966743;-33,2845;-33,7972;-32,7993;-33,5866
-0,0946778;-33,2296;-33,7148;-32,726;-33,5042
-0,0926814;-33,1472;-33,6416;-32,6436;-33,431
-0,0906849;-33,0922;-33,5775;-32,5795;-33,3669
-0,0886885;-33,0098;-33,5042;-32,4971;-33,2845
-0,086692;-32,9641;-33,4585;-32,4514;-33,2479
-0,0846956;-32,8817;-33,3761;-32,3598;-33,1563
-0,0826991;-32,8267;-33,312;-32,3049;-33,0922
-0,0807027;-32,7352;-33,2479;-32,2225;-33,019
-0,0787062;-32,6619;-33,1563;-32,1401;-32,9274
-0,0767098;-32,6162;-33,1106;-32,0851;-32,8725
-0,0747133;-32,5429;-33,0465;-32,0119;-32,7993
-0,0727169;-32,4514;-32,9641;-31,9387;-32,7169
-0,0707204;-32,3873;-32,9;-31,8654;-32,6528
-0,068724;-32,2866;-32,7901;-31,7647;-32,5521
-0,0667275;-32,2499;-32,7718;-31,7372;-32,5063
-0,0647311;-32,1675;-32,6711;-31,6365;-32,4147
-0,0627346;-32,0851;-32,5887;-31,5541;-32,3323
-0,0607382;-32,0027;-32,5154;-31,4717;-32,2591
-0,0587417;-31,9203;-32,4331;-31,3985;-32,1675
-0,0567453;-31,8563;-32,369;-31,3344;-32,1126
-0,0547488;-31,7739;-32,2866;-31,252;-32,0211
-0,0527524;-31,6732;-32,1767;-31,1421;-31,9112
-0,0507559;-31,5999;-32,1218;-31,0872;-31,8379
-0,0487595;-31,4992;-32,0119;-30,9773;-31,7372
-0,046763;-31,4168;-31,9387;-30,9133;-31,6548
-0,0447666;-31,3252;-31,8379;-30,8034;-31,5541
-0,0427701;-31,2337;-31,7556;-30,721;-31,4717
-0,0407737;-31,133;-31,6548;-30,6203;-31,3619
-0,0387772;-31,0323;-31,5541;-30,5287;-31,2612
-0,0367808;-30,9316;-31,4534;-30,428;-31,1513
-0,0347843;-30,84;-31,3802;-30,3456;-31,0689
-0,0327879;-30,721;-31,2612;-30,2358;-30,959
-0,0307914;-30,6111;-31,1513;-30,1259;-30,8492
-0,028795;-30,4921;-31,0414;-30,0069;-30,721
-0,0267985;-30,3822;-30,9316;-29,9153;-30,6203
-0,0248021;-30,2541;-30,8217;-29,7963;-30,4829
-0,0228056;-30,1442;-30,721;-29,6864;-30,3731
-0,0208092;-29,9794;-30,5653;-29,5399;-30,2174
-0,0188127;-29,8787;-30,4646;-29,4392;-30,1167
-0,0168163;-29,7322;-30,3365;-29,3111;-29,9702
-0,0148198;-29,5674;-30,1808;-29,1554;-29,8146
-0,0128234;-29,4301;-30,0526;-29,0364;-29,6773
-0,0108269;-29,2744;-29,9062;-28,8899;-29,5308
-0,00883045;-29,1188;-29,7597;-28,7434;-29,3751
-0,006834;-28,954;-29,6132;-28,5969;-29,2103
-0,00483755;-28,7343;-29,4118;-28,3955;-29,0089
-0,0028411;-28,6061;-29,3019;-28,2948;-28,8808
-0,000844653;-28,3955;-29,1096;-28,0934;-28,6702
0,0011518;-28,2033;-28,9265;-27,9194;-28,4871
0,00314825;-28,011;-28,7251;-27,7455;-28,2948
0,0051447;-27,7546;-28,5054;-27,5166;-28,0659
0,00714115;-27,5349;-28,3223;-27,3243;-27,8645
0,0091376;-27,2511;-28,1025;-27,1046;-27,6356
0,011134;-26,9856;-27,8553;-26,8666;-27,3884
0,0131305;-26,7292;-27,6265;-26,6651;-27,1504
0,0151269;-26,4271;-27,3335;-26,3813;-26,8574
0,0171234;-26,1524;-27,0863;-26,1341;-26,6377
0,0191198;-25,8503;-26,8025;-25,8686;-26,3905
0,0211163;-25,5756;-26,5553;-25,6306;-26,1433
0,0231127;-25,2552;-26,2623;-25,3376;-25,832
0,0251092;-24,9165;-25,9419;-25,0263;-25,4932
0,0271056;-24,5686;-25,6214;-24,7059;-25,1637
0,0291021;-24,2573;-25,3376;-24,4038;-24,8341
0,0310985;-23,9185;-25,0172;-24,0833;-24,4953
0,033095;-23,5523;-24,6784;-23,7079;-24,1016
0,0350914;-23,1678;-24,2939;-23,3234;-23,6988
0,0370879;-22,8016;-23,9094;-22,948;-23,2776
0,0390843;-22,4079;-23,4882;-22,5269;-22,829
0,0410808;-22,0417;-23,0945;-22,1515;-22,417
0,0430772;-21,5839;-22,6184;-21,6938;-21,9043
0,0450737;-21,1261;-22,1424;-21,236;-21,4008
0,0470701;-20,6409;-21,648;-20,7507;-20,8698
0,0490666;-20,0824;-21,117;-20,2197;-20,3021
0,051063;-19,588;-20,6043;-19,7162;-19,762
0,0530595;-19,0204;-20,0366;-19,1577;-19,1485
0,0550559;-18,407;-19,4324;-18,5534;-18,5077
0,0570524;-17,7935;-18,8281;-17,94;-17,8576
0,0590488;-17,0977;-18,1323;-17,2442;-17,1344
0,0610453;-16,4935;-17,528;-16,6308;-16,4843
0,0630418;-15,761;-16,8139;-15,8892;-15,7153
0,0650382;-14,992;-16,0632;-15,1293;-14,9096
0,0670347;-14,2046;-15,285;-14,342;-14,0948
0,0690311;-13,3715;-14,4793;-13,4997;-13,225
0,0710276;-12,5475;-13,6645;-12,6757;-12,3735
0,073024;-11,6777;-12,7947;-11,7967;-11,4763
0,0750205;-10,7347;-11,8608;-10,8446;-10,5058
0,0770169;-9,80087;-10,9636;-9,91989;-9,54452
0,0790134;-8,78462;-9,97482;-8,89448;-8,50996
0,0810098;-7,78668;-8,99519;-7,88739;-7,46624
0,0830063;-6,7155;-7,96063;-6,79789;-6,35843
0,0850027;-5,59854;-6,88029;-5,68093;-5,23232
0,0869992;-4,44495;-5,76333;-4,5182;-4,05127
0,0889956;-2,0943;-4,6006;-2,12818;-1,91669
0,0909921;-1,01671;-2,40742;-1,03502;-0,772259
0,0929885;0,0746166;-1,34447;0,0819409;0,383154
0,094985;1,3225;-0,185397;1,36278;1,67407
0,0969814;2,65919;1,09545;2,72053;3,03365
0,0989779;4,04532;2,43122;4,13504;4,43351
0,100974;5,45708;3,79355;5,57427;5,87274
0,102971;6,97597;5,24926;7,11879;7,37697
0,104967;8,49027;6,70314;8,65599;8,90043
0,106964;10,1291;8,27146;10,3232;10,5228
0,10896;11,7111;9,78576;11,9107;12,0856
0,110957;13,3957;11,4063;13,6201;13,7464
0,112953;15,1655;13,0863;15,4237;15,4786
0,114949;16,9169;14,7471;17,1888;17,1925
0,116946;18,7471;16,4848;19,0419;18,965
0,118942;20,5937;18,2298;20,905;20,7549
0,120939;22,4898;20,0114;22,8075;22,5869
0,122935;24,5653;21,9716;24,9059;24,5754
0,124932;26,4468;23,7469;26,8084;26,3973
0,126928;28,5003;25,6741;28,8803;28,3593
0,128925;30,2998;27,6004;30,6935;30,135
0,130921;32,2683;29,366;32,6894;32,0302
0,132918;34,4106;31,3069;34,8501;34,0902
0,134914;36,553;33,3028;37,0108;36,1135
0,13691;38,7686;35,3811;39,2447;38,2193
0,138907;40,9842;37,4777;41,4969;40,3433
0,140903;43,2273;39,5926;43,7491;42,4582
0,1429;45,626;41,8448;46,1662;44,7105
0,144896;47,9789;44,0421;48,5191;46,9169
0,146893;50,396;46,3218;50,9545;49,1875
0,148889;52,7581;48,5283;53,3349;51,4122
0,150886;55,2117;50,8354;55,7885;53,7102
0,152882;57,7203;53,1884;58,2971;56,0449
0,154878;60,2838;55,5871;60,8789;58,4344
0,156875;62,7924;57,9492;63,3875;60,7691
0,158871;65,301;60,2838;65,8778;63,0854
0,160868;67,8737;62,7008;68,4779;65,4749
0,162864;70,5379;65,182;71,133;67,9286
0,164861;73,1563;67,6173;73,7514;70,3273
0,166857;75,7931;70,0984;76,4157;72,7901
0,168854;78,3658;72,5154;78,9975;75,1705
0,17085;81,0666;75,0423;81,7166;77,6699
0,172847;83,6942;77,5143;84,3534;80,1053
0,174843;86,3767;80,0412;87,0542;82,5956
0,176839;89,1051;82,6047;89,81;85,1133
0,178836;91,696;85,0584;92,4285;87,5303
0,180832;94,3877;87,5761;95,1293;90,0206
0,182829;97,0886;90,1396;97,8485;92,52
0,184825;99,7711;92,6848;100,549;95,0103
0,186822;102,564;95,3216;103,351;97,5921
0,188818;105,118;97,7569;105,924;99,9908
0,190815;107,81;100,33;108,634;102,499
0,192811;110,474;102,875;111,325;104,99
0,194807;113,147;105,42;114,026;107,48
0,196804;115,848;108,002;116,727;110,007
0,1988;118,412;110,474;119,309;112,415
0,200797;121,012;112,955;121,927;114,859
0,202793;123,658;115,518;124,601;117,359
0,20479;126,175;117,935;127,118;119,73
0,206786;128,757;120,444;129,728;122,184
0,208783;131,247;122,861;132,245;124,546
0,210779;133,756;125,306;134,754;126,926
0,212776;136,164;127,686;137,198;129,252
0,214772;138,59;130,076;139,643;131,568
0,216768;140,952;132,419;142,023;133,848
0,218765;143,314;134,772;144,422;136,118
0,220761;145,548;137,024;146,693;138,306
0,222758;147,782;139,277;148,945;140,485
0,224754;149,97;141,52;151,17;142,646
0,226751;152,131;143,717;153,33;144,761
0,228747;154,182;145,841;155,399;146,812
0,230744;156,223;147,984;157,45;148,862
0,23274;158,119;149,998;159,345;150,785
0,234736;160,069;152,058;161,295;152,763
0,236733;161,799;153,962;163,035;154,585
0,238729;163,511;155,848;164,738;156,379
0,240726;165,187;157,716;166,413;158,146
0,242722;166,725;159,483;167,951;159,821
0,244719;168,171;161,176;169,425;161,424
0,246715;169,508;162,797;170,771;162,953
0,248712;170,744;164,326;171,989;164,39
0,250708;172,007;165,901;173,262;165,882
0,252705;172,914;167,201;174,195;167,073
0,254701;173,838;168,519;175,12;168,299
0,256697;174,589;169,691;175,834;169,38
0,258694;175,221;170,79;176,493;170,387
0,26069;175,798;171,843;177,034;171,339
0,262687;176,109;172,694;177,336;172,108
0,264683;176,329;173,472;177,537;172,795
0,26668;176,393;174,141;177,592;173,362
0,268676;176,246;174,617;177,464;173,738
0,270673;176,072;175,056;177,317;174,076
0,272669;175,697;175,294;176,988;174,223
0,274665;175,267;175,431;176,603;174,269
0,276662;174,607;175,349;176,027;174,086
0,278658;173,921;175,175;175,34;173,811
0,280655;173,152;174,919;174,479;173,454
0,282651;172,218;174,543;173,536;172,987
0,284648;170,982;173,985;172,291;172,337
0,286644;169,618;173,335;170,909;171,632
0,288641;168,162;172,612;169,435;170,753
0,290637;166,596;171,733;167,878;169,81
0,292634;164,903;170,643;166,166;168,647
0,29463;163,154;169,444;164,399;167,366
0,296626;161,222;167,979;162,449;165,846
0,298623;159,345;166,523;160,563;164,326
0,300619;157,359;164,875;158,567;162,65
0,302616;155,372;163,182;156,571;160,911
0,304612;153,385;161,415;154,575;159,135
0,306609;151,289;159,51;152,47;157,194
0,308605;149,256;157,578;150,437;155,271
0,310602;147,233;155,619;148,396;153,312
0,312598;145,237;153,623;146,372;151,325
0,314594;143,305;151,682;144,44;149,393
0,316591;141,263;149,577;142,38;147,324
0,318587;139,359;147,562;140,467;145,356
0,320584;137,501;145,585;138,599;143,406
0,32258;135,651;143,607;136,741;141,483
0,324577;133,875;141,685;134,965;139,597
0,326573;132,09;139,734;133,17;137,693
0,32857;130,387;137,848;131,449;135,862
0,330566;128,748;136,036;129,792;134,104
0,332563;127,1;134,214;128,135;132,328
0,334559;125,544;132,474;126,569;130,652
0,336555;123,996;130,753;125,022;128,977
0,338552;122,522;129,105;123,529;127,375
0,340548;121,076;127,485;122,074;125,809
0,342545;119,675;125,919;120,664;124,289
0,344541;118,32;124,39;119,29;122,824
0,346538;117,002;122,925;117,972;121,405
0,348534;115,702;121,469;116,654;119,986
0,350531;114,447;120,078;115,399;118,64
0,352527;113,248;118,732;114,182;117,34
0,354523;112,067;117,432;113,001;116,068
0,35652;110,913;116,132;111,829;114,813
0,358516;109,805;114,914;110,721;113,614
0,360513;108,707;113,687;109,622;112,433
0,362509;107,663;112,543;108,579;111,316
0,364506;106,619;111,371;107,517;110,19
0,366502;105,621;110,272;106,509;109,11
0,368499;104,66;109,21;105,548;108,084
0,370495;103,699;108,148;104,578;107,05
0,372492;102,765;107,132;103,644;106,07
0,374488;101,859;106,134;102,719;105,09
0,376484;100,97;105,154;101,84;104,147
0,378481;100,146;104,248;101,007;103,268
0,380477;99,2584;103,296;100,119;102,325
0,382474;98,471;102,417;99,3133;101,474
0,38447;97,6562;101,529;98,5077;100,613
0,386467;96,878;100,687;97,7203;99,7894
0,388463;96,1273;99,8627;96,9696;98,9929
0,39046;95,3582;99,0387;96,2097;98,1781
0,392456;94,6349;98,2513;95,4772;97,4182
0,394452;93,93;97,4823;94,7631;96,6674
0,396449;93,2158;96,7041;94,0398;95,9075
0,398445;92,5475;95,9899;93,3806;95,2117
0,400442;91,87;95,2575;92,694;94,4884
0,402438;91,22;94,5525;92,0439;93,8109
0,404435;90,5608;93,8384;91,3756;93,106
0,406431;89,9382;93,1701;90,753;92,4559
0,408428;89,3339;92,52;90,1396;91,8151
0,410424;88,7205;91,8791;89,5445;91,1833
0,412421;88,1254;91,2291;88,9403;90,5425
0,414417;87,5395;90,5882;88,336;89,929
0,416413;86,9718;89,9931;87,7775;89,3431
0,41841;86,4225;89,4072;87,2282;88,7663
0,420406;85,864;88,8029;86,6697;88,1804
0,422403;85,333;88,2444;86,1387;87,6219
0,424399;84,7837;87,6493;85,5802;87,0542
0,426396;84,2893;87,1183;85,0858;86,5232
0,428392;83,7675;86,5599;84,564;85,9831
0,430389;83,2731;86,0288;84,0696;85,4612
0,432385;82,7878;85,5161;83,5935;84,9577
0,434381;82,2843;84,9851;83,0716;84,4266
0,436378;81,8265;84,4724;82,6139;83,9414
0,438374;81,3687;83,9963;82,1469;83,4653
0,440371;80,8743;83,5019;81,68;82,9709
0,442367;80,4623;83,035;81,2589;82,5223
0,444364;79,9771;82,5315;80,7645;82,0279
0,44636;79,556;82,0829;80,3433;81,5793
0,448357;79,1257;81,6342;79,9222;81,1398
0,450353;78,7045;81,1948;79,501;80,6912
0,45235;78,2925;80,7553;79,089;80,2609
0,454346;77,8714;80,2976;78,6496;79,8215
0,456342;77,4777;79,8764;78,2559;79,4003
0,458339;77,084;79,4736;77,8714;79,0066
0,460335;76,6812;79,0433;77,4594;78,5763
0,462332;76,3058;78,6496;77,0932;78,1918
0,464328;75,9121;78,2376;76,6995;77,7798
0,466325;75,5459;77,8439;76,3424;77,4044
0,468321;75,1705;77,4502;75,9579;77,0108
0,470318;74,8135;77,0657;75,6008;76,6354
0,472314;74,4472;76,6903;75,2529;76,2692
0,47431;74,0993;76,3241;74,905;75,903
0,476307;73,7423;75,9396;74,5296;75,5184
0,478303;73,4035;75,5917;74,2;75,1797
0,4803;73,0648;75,2346;73,8705;74,8318
0,482296;72,7352;74,8959;73,55;74,4839
0,484293;72,3964;74,5388;73,2113;74,136
0,486289;72,076;74,2;72,8908;73,8064
0,488286;71,7556;73,8613;72,5521;73,4676
0,490282;71,4534;73,5409;72,2683;73,1563
0,492279;71,133;73,1838;71,9387;72,8084
0,494275;70,8217;72,8725;71,6274;72,5063
0,496271;70,5287;72,5704;71,3436;72,195
0,498268;70,2358;72,2408;71,0414;71,8837
0,500264;69,9336;71,9387;70,7485;71,5816
0,502261;69,6406;71,6365;70,4555;71,2703
0,504257;69,3477;71,3252;70,1625;70,9773
0,506254;69,1005;71,0597;69,9245;70,7027
0,50825;68,78;70,7301;69,5949;70,3822
0,510247;68,5237;70,4646;69,3385;70,1076
0,512243;68,249;70,1717;69,073;69,8238
0,514239;67,9835;69,897;68,7984;69,5491
0,516236;67,7272;69,6315;68,5512;69,2836
0,518232;67,4434;69,3385;68,2765;68,9998
0,520229;67,1962;69,073;68,0293;68,7343
0,522225;66,949;68,8167;67,7821;68,4779
0,524222;66,6651;68,5328;67,5166;68,2033
0,526218;66,4454;68,2948;67,2969;67,9744
0,528215;66,1982;68,0385;67,0405;67,7089
0,530211;65,9602;67,8004;66,8116;67,4708
0,532208;65,7038;67,5166;66,5553;67,2053
0,534204;65,4749;67,2786;66,3264;66,9581
0,5362;65,2552;67,0497;66,1158;66,7475
0,538197;65,0355;66,8116;65,8961;66,5095
0,540193;64,7791;66,5644;65,658;66,2623
0,54219;64,5594;66,3264;65,4292;66,0151
0,544186;64,3397;66,0975;65,2277;65,8045
0,546183;64,1382;65,8869;65,0263;65,594
0,548179;63,9185;65,6489;64,8066;65,3742
0,550176;63,7171;65,4475;64,6143;65,1545
0,552172;63,4699;65,2003;64,3671;64,9165
0,554168;63,2959;65,008;64,1932;64,7242
0,556165;63,0762;64,7791;63,9826;64,5045
0,558161;62,884;64,5777;63,7903;64,2939
0,560158;62,6825;64,3854;63,6164;64,1016
0,562154;62,4811;64,1566;63,3875;63,8727
0,564151;62,2889;63,9551;63,2135;63,6805
0,566147;62,0966;63,772;63,0304;63,4882
0,568144;61,9135;63,5706;62,8473;63,2959
0,57014;61,7395;63,3967;62,6917;63,122
0,572137;61,5015;63,1495;62,4537;62,884
0,574133;61,3458;62,9847;62,3163;62,7192
0,576129;61,1719;62,8016;62,1424;62,536
0,578126;61,0071;62,6184;61,9684;62,3621
0,580122;60,8331;62,4445;61,8036;62,1881
0,582119;60,6409;62,2431;61,6114;61,9867
0,584115;60,4761;62,0691;61,4557;61,8219
0,586112;60,3204;61,9043;61,3092;61,6663
0,588108;60,1373;61,7121;61,1261;61,4832
0,590105;59,9908;61,5747;60,9979;61,3184
0,592101;59,8169;61,3825;60,8057;61,1444
0,594097;59,6612;61,2268;60,6683;60,9888
0,596094;59,5056;61,062;60,5035;60,824
0,59809;59,3408;60,8972;60,3571;60,6683
0,600087;59,1943;60,7507;60,2197;60,5127
0,602083;59,0478;60,5951;60,0824;60,3754
0,60408;58,883;60,4211;59,9268;60,2014
0,606076;58,7366;60,2747;59,7803;60,0549
0,608073;58,6084;60,1373;59,6521;59,9084
0,610069;58,4619;59,9817;59,5239;59,7711
0,612066;58,3154;59,8352;59,3774;59,6063
0,614062;58,1872;59,707;59,2767;59,469
0,616058;58,0316;59,5422;59,1211;59,3225
0,618055;57,9217;59,4324;59,0204;59,2126
0,620051;57,7661;59,2676;58,8647;59,0478
0,622048;57,6379;59,1302;58,7549;58,9288
0,624044;57,5372;59,0295;58,6542;58,8098
0,626041;57,3816;58,8739;58,5168;58,6633
0,628037;57,2717;58,7549;58,4161;58,5443
0,630034;57,1435;58,6175;58,2879;58,407
0,63203;57,0153;58,4985;58,1781;58,2879
0,634026;56,9421;58,407;58,1048;58,2055
0,636023;56,7864;58,2513;57,9583;58,0407
0,638019;56,6857;58,1506;57,8668;57,9492
0,640016;56,5759;58,0316;57,7661;57,8302
0,642012;56,466;57,9217;57,6562;57,7203
0,644009;56,3745;57,821;57,583;57,6196
0,646005;56,2554;57,702;57,4731;57,5006
0,648002;56,1547;57,6013;57,3907;57,3907
0,649998;56,054;57,4914;57,2992;57,29
