V;A1;A2;A3
0,649998;59,9268;56,3561;56,2829
0,648002;59,5514;55,9991;55,935
0,646005;59,1852;55,6695;55,6054
0,644009;58,8464;55,3491;55,285
0,642012;58,4985;55,0378;54,9737
0,640016;58,1781;54,7265;54,6624
0,638019;57,8485;54,4244;54,3603
0,636023;57,528;54,1314;54,0673
0,634026;57,2259;53,8293;53,7743
0,63203;56,9146;53,5454;53,4905
0,630034;56,6125;53,2616;53,2067
0,628037;56,3195;52,987;52,932
0,626041;56,0266;52,7214;52,6665
0,624044;55,7427;52,4468;52,401
0,622048;55,4498;52,1813;52,1355
0,620051;55,1751;51,9249;51,8791
0,618055;54,9004;51,6686;51,6228
0,616058;54,6349;51,4214;51,3756
0,614062;54,3694;51,165;51,1284
0,612066;54,1131;50,927;50,8812
0,610069;53,8567;50,6798;50,6432
0,608073;53,6004;50,4417;50,4051
0,606076;53,3532;50,2129;50,1671
0,60408;53,106;49,9748;49,929
0,602083;52,8588;49,7459;49,7093
0,600087;52,6207;49,5262;49,4804
0,59809;52,3827;49,3065;49,2515
0,596094;52,1538;49,0867;49,041
0,594097;51,9249;48,867;48,8212
0,592101;51,696;48,6564;48,6107
0,590105;51,4763;48,4459;48,4001
0,588108;51,2566;48,2353;48,1895
0,586112;51,0369;48,0339;47,9881
0,584115;50,8171;47,8325;47,7775
0,582119;50,6065;47,631;47,5853
0,580122;50,396;47,4296;47,3838
0,578126;50,1854;47,2374;47,1916
0,576129;49,984;47,0451;46,9993
0,574133;49,7826;46,8528;46,807
0,572137;49,5811;46,6697;46,6239
0,57014;49,3889;46,4866;46,4408
0,568144;49,1875;46,2943;46,2577
0,566147;48,9952;46,1204;46,0746
0,564151;48,8029;45,9373;45,9007
0,562154;48,6107;45,7542;45,7176
0,560158;48,4367;45,5802;45,5528
0,558161;48,2444;45,4063;45,3788
0,556165;48,0613;45,2323;45,2049
0,554168;47,8782;45,0675;45,0401
0,552172;47,7043;44,9027;44,8753
0,550176;47,5212;44,7288;44,7013
0,548179;47,3472;44,564;44,5365
0,546183;47,1733;44,4083;44,3717
0,544186;46,9993;44,2435;44,2069
0,54219;46,8345;44,0787;44,0513
0,540193;46,6697;43,9231;43,8956
0,538197;46,5049;43,7675;43,74
0,5362;46,3401;43,6118;43,5843
0,534204;46,1753;43,4562;43,4287
0,532208;46,0197;43,3005;43,2822
0,530211;45,8549;43,154;43,1266
0,528215;45,6992;42,9984;42,9801
0,526218;45,5344;42,8519;42,8336
0,524222;45,388;42,7054;42,6871
0,522225;45,2232;42,5589;42,5498
0,520229;45,0767;42,4125;42,4033
0,518232;44,9302;42,2751;42,2568
0,516236;44,7745;42,1286;42,1195
0,514239;44,6189;41,9913;41,973
0,512243;44,4724;41,854;41,8357
0,510247;44,3259;41,7166;41,6983
0,50825;44,1794;41,5702;41,561
0,506254;44,0421;41,442;41,4328
0,504257;43,8956;41,3046;41,2955
0,502261;43,7583;41,1673;41,1582
0,500264;43,6118;41,0391;41,03
0,498268;43,4745;40,911;40,9018
0,496271;43,328;40,7736;40,7645
0,494275;43,1907;40,6455;40,6363
0,492279;43,0533;40,5173;40,5173
0,490282;42,9252;40,3891;40,3891
0,488286;42,7878;40,2609;40,2609
0,486289;42,6596;40,1419;40,1419
0,484293;42,5223;40,0137;40,0137
0,482296;42,385;39,8856;39,8947
0,4803;42,2568;39,7665;39,7757
0,478303;42,1195;39,6475;39,6567
0,476307;41,9913;39,5193;39,5285
0,47431;41,8631;39,4003;39,4095
0,472314;41,7441;39,2813;39,2905
0,470318;41,6068;39,1623;39,1714
0,468321;41,4878;39,0433;39,0616
0,466325;41,3596;38,9242;38,9425
0,464328;41,2314;38,8052;38,8235
0,462332;41,1032;38,6954;38,7137
0,460335;40,9842;38,5763;38,5946
0,458339;40,856;38,4573;38,4756
0,456342;40,737;38,3383;38,3658
0,454346;40,618;38,2284;38,2559
0,45235;40,4898;38,1186;38,1369
0,450353;40,3708;37,9995;38,027
0,448357;40,2518;37,8897;37,9171
0,44636;40,1328;37,7798;37,8073
0,444364;40,0137;37,6699;37,6974
0,442367;39,8947;37,5601;37,5875
0,440371;39,7757;37,4411;37,4685
0,438374;39,6567;37,3312;37,3678
0,436378;39,5377;37,2213;37,258
0,434381;39,4186;37,1115;37,1389
0,432385;39,2996;37,0108;37,0382
0,430389;39,1897;36,8917;36,9192
0,428392;39,0707;36,791;36,8185
0,426396;38,9517;36,6812;36,7086
0,424399;38,8418;36,5713;36,6079
0,422403;38,7228;36,4614;36,4981
0,420406;38,6038;36,3516;36,3973
0,41841;38,4939;36,2509;36,2875
0,416413;38,3749;36,141;36,1868
0,414417;38,265;36,0311;36,0769
0,412421;38,146;35,9304;35,9762
0,410424;38,027;35,8206;35,8663
0,408428;37,9171;35,7107;35,7656
0,406431;37,7981;35,61;35,6558
0,404435;37,6883;35,5001;35,555
0,402438;37,5692;35,3994;35,4543
0,400442;37,4502;35,2895;35,3445
0,398445;37,3312;35,1797;35,2346
0,396449;37,2122;35,079;35,1339
0,394452;37,1023;34,9691;35,024
0,392456;36,9833;34,8684;34,9233
0,39046;36,8643;34,7585;34,8135
0,388463;36,7544;34,6487;34,7127
0,386467;36,6354;34,5388;34,612
0,38447;36,5164;34,4381;34,5022
0,382474;36,3973;34,3282;34,4015
0,380477;36,2783;34,2184;34,2916
0,378481;36,1593;34,1176;34,1817
0,376484;36,0311;33,9986;34,081
0,374488;35,9121;33,8888;33,9712
0,372492;35,7931;33,7789;33,8613
0,370495;35,6741;33,669;33,7514
0,368499;35,5459;33,5592;33,6507
0,366502;35,4177;33,4493;33,5317
0,364506;35,2987;33,3394;33,4218
0,362509;35,1705;33,2296;33,312
0,360513;35,0423;33,1106;33,193
0,358516;34,905;33,0007;33,0831
0,35652;34,786;32,8817;32,9732
0,354523;34,6487;32,7626;32,8542
0,352527;34,5113;32,6436;32,7443
0,350531;34,3832;32,5246;32,6253
0,348534;34,2458;32,4056;32,5063
0,346538;34,0993;32,2774;32,3873
0,344541;33,962;32,1584;32,2683
0,342545;33,8155;32,0302;32,1401
0,340548;33,669;31,902;32,0211
0,338552;33,5225;31,7739;31,8929
0,336555;33,3761;31,6457;31,7647
0,334559;33,2204;31,5084;31,6365
0,332563;33,0556;31,3802;31,4992
0,330566;32,9;31,2428;31,3619
0,32857;32,7352;31,0964;31,2245
0,326573;32,5612;30,9499;31,0872
0,324577;32,3964;30,8125;30,9407
0,32258;32,2225;30,6569;30,7942
0,320584;32,0394;30,5104;30,6477
0,318587;31,8563;30,3548;30,4921
0,316591;31,6732;30,19;30,3365
0,314594;31,4809;30,0435;30,1808
0,312598;31,2703;29,8695;30,0069
0,310602;31,0689;29,6956;29,8421
0,308605;30,8583;29,5216;29,6681
0,306609;30,6386;29,3385;29,4942
0,304612;30,4189;29,1646;29,3111
0,302616;30,1808;28,9723;29,1279
0,300619;29,9428;28,7709;28,9265
0,298623;29,6956;28,5695;28,7343
0,296626;29,4301;28,3589;28,5237
0,29463;29,1829;28,1575;28,3131
0,292634;28,8991;27,9377;28,0934
0,290637;28,6152;27,7089;27,8645
0,288641;28,3223;27,4708;27,6356
0,286644;28,011;27,2236;27,3976
0,284648;27,7089;26,9764;27,1504
0,282651;27,3793;26,7201;26,894
0,280655;27,0314;26,4454;26,6194
0,278658;26,6743;26,1616;26,3447
0,276662;26,3081;25,8686;26,0609
0,274665;25,9327;25,5756;25,7679
0,272669;25,5299;25,2552;25,4475
0,270673;25,1179;24,9256;25,127
0,268676;24,6784;24,5869;24,7791
0,26668;24,2481;24,2481;24,4404
0,264683;23,772;23,8727;24,0742
0,262687;23,2868;23,4974;23,6896
0,26069;22,7924;23,1037;23,2959
0,258694;22,2522;22,6825;22,8748
0,256697;21,7029;22,2522;22,4445
0,254701;21,1444;21,8128;22,005
0,252705;20,5402;21,3458;21,5381
0,250708;19,9542;20,8789;21,062
0,248712;19,2767;20,3479;20,531
0,246715;18,6175;19,826;20,0183
0,244719;17,9217;19,2767;19,469
0,242722;17,1984;18,7091;18,8922
0,240726;16,4569;18,114;18,2971
0,238729;15,6603;17,4914;17,6654
0,236733;14,8638;16,8597;17,0245
0,234736;14,0307;16,2005;16,3653
0,23274;13,1334;15,4955;15,642
0,230744;12,2454;14,7906;14,9371
0,228747;11,3024;14,0307;14,1772
0,226751;10,341;13,2525;13,3898
0,224754;9,33394;12,4468;12,5658
0,222758;8,29023;11,6045;11,7235
0,220761;7,21904;10,7439;10,8354
0,218765;6,12039;9,8558;9,94736
0,216768;4,95766;8,92195;8,98604
0,214772;3,50698;7,96063;8,01556
0,212776;2,32685;6,96269;7,00847
0,210779;1,09819;5,93729;5,96475
0,208783;-0,189975;4,61662;4,8661
0,206786;-1,50744;3,56924;3,49508
0,20479;-2,89723;2,43763;2,36988
0,202793;-4,27787;1,29961;1,22087
0,200797;-5,75647;0,0737011;-0,0270085
0,1988;-7,23598;-1,15679;-1,27672
0,196804;-8,73106;-2,41108;-2,55207
0,194807;-10,3177;-3,74228;-3,9089
0,192811;-11,9181;-5,10002;-5,28862
0,190815;-13,5569;-6,48707;-6,70222
0,188818;-15,2314;-7,91165;-8,16159
0,186822;-16,883;-9,31334;-9,60266
0,184825;-18,6839;-10,8588;-11,1719
0,182829;-20,4482;-12,3804;-12,7311
0,180832;-22,2646;-13,9551;-14,3497
0,178836;-24,1076;-15,5418;-15,973
0,176839;-25,9405;-17,1312;-17,6081
0,174843;-27,8824;-18,8267;-19,3504
0,172847;-29,778;-20,5333;-21,0945
0,17085;-31,6823;-22,2509;-22,8597
0,168854;-33,6965;-24,027;-24,6889
0,166857;-35,6741;-25,7821;-26,4944
0,164861;-37,7523;-27,6168;-28,3314
0,162864;-39,8215;-29,4118;-30,1717
0,160868;-41,9638;-31,2795;-32,1309
0,158871;-44,097;-33,1746;-34,0719
0,156875;-46,2028;-35,0698;-36,0128
0,154878;-48,3726;-37,0108;-38,0087
0,152882;-50,5974;-39,0249;-40,0778
0,150886;-52,8222;-41,0483;-42,1469
0,148889;-55,0469;-43,0716;-44,2161
0,146893;-57,2534;-45,0767;-46,2852
0,144896;-59,5422;-47,1733;-48,4184
0,1429;-61,8219;-49,2424;-50,5516
0,140903;-64,1474;-51,3939;-52,7581
0,138907;-66,3996;-53,4722;-54,8913
0,13691;-68,6976;-55,6054;-57,0886
0,134914;-71,014;-57,7661;-59,3042
0,132918;-73,3211;-59,9176;-61,5015
0,130921;-75,6832;-62,1241;-63,7629
0,128925;-78,0179;-64,303;-65,9968
0,126928;-80,3433;-66,482;-68,2307
0,124932;-82,678;-68,6885;-70,5104
0,122935;-84,9302;-70,8309;-72,7077
0,120939;-87,3472;-73,1289;-75,0698
0,118942;-89,6452;-75,3262;-77,322
0,116946;-91,9341;-77,5235;-79,5651
0,114949;-94,2412;-79,7391;-81,8265
0,112953;-96,5118;-81,9272;-84,0696
0,110957;-98,8006;-84,1611;-86,3584
0,10896;-101,062;-86,3493;-88,6015
0,106964;-103,259;-88,4916;-90,7988
0,104967;-105,53;-90,7073;-93,0694
0,102971;-107,709;-92,8496;-95,2575
0,100974;-109,888;-95,0195;-97,4823
0,0989779;-112,03;-97,1344;-99,6429
0,0969814;-114,145;-99,2493;-101,804
0,094985;-116,242;-101,355;-103,955
0,0929885;-118,302;-103,424;-106,07
0,0909921;-120,298;-105,457;-108,139
0,0889956;-122,312;-107,498;-110,217
0,0869992;-124,253;-109,512;-112,268
0,0850027;-126,166;-111,49;-114,264
0,0830063;-128,034;-113,431;-116,242
0,0810098;-129,847;-115,344;-118,183
0,0790134;-131,604;-117,194;-120,06
0,0770169;-133,353;-119,062;-121,946
0,0750205;-134,983;-120,829;-123,722
0,073024;-136,612;-122,596;-125,507
0,0710276;-138,151;-124,298;-127,228
0,0690311;-139,606;-125,928;-128,867
0,0670347;-141,035;-127,558;-130,506
0,0650382;-142,417;-129,123;-132,071
0,0630418;-143,699;-130,634;-133,582
0,0610453;-144,916;-132,09;-135,029
0,0590488;-145,997;-133,417;-136,347
0,0570524;-147,105;-134,8;-137,711
0,0550559;-148,084;-136,054;-138,956
0,0530595;-148,991;-137,253;-140,137
0,051063;-149,815;-138,389;-141,254
0,0490666;-150,529;-139,414;-142,243
0,0470701;-151,206;-140,439;-143,241
0,0450737;-151,774;-141,355;-144,12
0,0430772;-152,25;-142,188;-144,916
0,0410808;-152,653;-142,976;-145,658
0,0390843;-152,918;-143,616;-146,244
0,0370879;-153,138;-144,23;-146,821
0,0350914;-153,248;-144,752;-147,269
0,033095;-153,285;-145,2;-147,663
0,0310985;-153,22;-145,548;-147,938
0,0291021;-153,037;-145,786;-148,103
0,0271056;-152,79;-145,96;-148,203
0,0251092;-152,479;-146,07;-148,24
0,0231127;-152,076;-146,098;-148,194
0,0211163;-151,572;-146,006;-148,02
0,0191198;-150,959;-145,814;-147,736
0,0171234;-150,318;-145,585;-147,425
0,0151269;-149,595;-145,246;-147,013
0,0131305;-148,817;-144,871;-146,537
0,011134;-147,938;-144,358;-145,942
0,0091376;-147,031;-143,799;-145,283
0,00714115;-146,043;-143,149;-144,55
0,0051447;-144,999;-142,408;-143,717
0,00314825;-143,955;-141,639;-142,838
0,0011518;-142,82;-140,751;-141,859
-0,000844653;-141,657;-139,872;-140,916
-0,0028411;-140,476;-139,057;-140,027
-0,00483755;-139,24;-138,087;-138,993
-0,006834;-138,077;-137,18;-138,032
-0,00883045;-136,869;-136,182;-136,96
-0,0108269;-135,624;-135,129;-135,807
-0,0128234;-134,379;-134,031;-134,635
-0,0148198;-133,106;-132,895;-133,436
-0,0168163;-131,87;-131,76;-132,236
-0,0188127;-130,607;-130,579;-131,009
-0,0208092;-129,325;-129,371;-129,746
-0,0228056;-128,089;-128,208;-128,537
-0,0248021;-126,825;-126,99;-127,283
-0,0267985;-125,589;-125,8;-126,047
-0,028795;-124,353;-124,591;-124,802
-0,0307914;-123,136;-123,401;-123,584
-0,0327879;-121,936;-122,211;-122,367
-0,0347843;-120,746;-121,03;-121,158
-0,0367808;-119,565;-119,84;-119,95
-0,0387772;-118,421;-118,686;-118,769
-0,0407737;-117,295;-117,542;-117,606
-0,0427701;-116,168;-116,407;-116,452
-0,0447666;-115,07;-115,28;-115,317
-0,046763;-113,999;-114,182;-114,2
-0,0487595;-112,937;-113,092;-113,092
-0,0507559;-111,902;-112,021;-112,021
-0,0527524;-110,877;-110,959;-110,95
-0,0547488;-109,879;-109,934;-109,924
-0,0567453;-108,89;-108,908;-108,89
-0,0587417;-107,929;-107,901;-107,883
-0,0607382;-106,986;-106,921;-106,903
-0,0627346;-106,061;-105,96;-105,942
-0,0647311;-105,154;-105,017;-104,99
-0,0667275;-104,266;-104,092;-104,065
-0,068724;-103,369;-103,159;-103,14
-0,0707204;-102,536;-102,28;-102,261
-0,0727169;-101,685;-101,401;-101,392
-0,0747133;-100,87;-100,549;-100,522
-0,0767098;-100,055;-99,6979;-99,6796
-0,0787062;-99,2584;-98,8647;-98,8464
-0,0807027;-98,4894;-98,0682;-98,0499
-0,0826991;-97,7295;-97,2717;-97,2534
-0,0846956;-96,9696;-96,4843;-96,4752
-0,086692;-96,2463;-95,7244;-95,7153
-0,0886885;-95,5138;-94,9645;-94,9554
-0,0906849;-94,818;-94,2229;-94,2229
-0,0926814;-94,1222;-93,4997;-93,4997
-0,0946778;-93,4447;-92,7947;-92,8038
-0,0966743;-92,7672;-92,0897;-92,108
-0,0986707;-92,108;-91,4031;-91,4122
-0,100667;-91,458;-90,7256;-90,7439
-0,102664;-90,8354;-90,0755;-90,0938
-0,10466;-90,2129;-89,4255;-89,453
-0,106657;-89,5995;-88,7938;-88,8212
-0,108653;-88,986;-88,1712;-88,1895
-0,110649;-88,4092;-87,5578;-87,5853
-0,112646;-87,8233;-86,9535;-86,9902
-0,114642;-87,2557;-86,3676;-86,4042
-0,116639;-86,6789;-85,7816;-85,8183
-0,118635;-86,1387;-85,214;-85,2506
-0,120632;-85,5894;-84,6555;-84,6921
-0,122628;-85,0584;-84,097;-84,1428
-0,124625;-84,5365;-83,566;-83,6027
-0,126621;-84,0146;-83,0259;-83,0808
-0,128617;-83,5019;-82,504;-82,5498
-0,130614;-83,0076;-81,9821;-82,0371
-0,13261;-82,504;-81,4786;-81,5335
-0,134607;-82,0279;-80,9842;-81,0391
-0,136603;-81,5427;-80,4898;-80,5539
-0,1386;-81,0758;-79,9954;-80,0687
-0,140596;-80,6088;-79,5285;-79,5926
-0,142593;-80,1511;-79,0524;-79,1257
-0,144589;-79,6933;-78,5946;-78,6679
-0,146586;-79,2538;-78,1369;-78,2193
-0,148582;-78,8144;-77,6883;-77,7707
-0,150578;-78,3841;-77,2488;-77,3312
-0,152575;-77,9629;-76,8093;-76,9009
-0,154571;-77,5418;-76,3882;-76,4706
-0,156568;-77,1206;-75,967;-76,0494
-0,158564;-76,7178;-75,5459;-75,6283
-0,160561;-76,3149;-75,1339;-75,2255
-0,162557;-75,9121;-74,7219;-74,8135
-0,164554;-75,5184;-74,3282;-74,4198
-0,16655;-75,1339;-73,9345;-74,0352
-0,168546;-74,7494;-73,55;-73,6416
-0,170543;-74,374;-73,1655;-73,2662
-0,172539;-73,9986;-72,7901;-72,8908
-0,174536;-73,6324;-72,4147;-72,5154
-0,176532;-73,2662;-72,0485;-72,1492
-0,178529;-72,9091;-71,6823;-71,783
-0,180525;-72,5612;-71,3252;-71,426
-0,182522;-72,2133;-70,9682;-71,078
-0,184518;-71,8654;-70,6203;-70,7301
-0,186515;-71,5267;-70,2724;-70,3914
-0,188511;-71,1971;-69,9336;-70,0526
-0,190507;-70,8583;-69,604;-69,7139
-0,192504;-70,5379;-69,2744;-69,3843
-0,1945;-70,2083;-68,9448;-69,0639
-0,196497;-69,8878;-68,6244;-68,7434
-0,198493;-69,5766;-68,3131;-68,423
-0,20049;-69,2653;-67,9927;-68,1209
-0,202486;-68,9631;-67,6905;-67,8096
-0,204483;-68,6519;-67,3793;-67,4983
-0,206479;-68,3497;-67,0771;-67,1962
-0,208475;-68,0568;-66,775;-66,894
-0,210472;-67,7638;-66,482;-66,6011
-0,212468;-67,4708;-66,1891;-66,3172
-0,214465;-67,187;-65,8961;-66,0243
-0,216461;-66,9032;-65,6123;-65,7404
-0,218458;-66,6194;-65,3376;-65,4566
-0,220454;-66,3447;-65,0538;-65,182
-0,222451;-66,07;-64,7791;-64,9073
-0,224447;-65,7954;-64,5045;-64,6418
-0,226444;-65,539;-64,239;-64,3763
-0,22844;-65,2644;-63,9643;-64,1108
-0,230436;-65,008;-63,7079;-63,8453
-0,232433;-64,7517;-63,4424;-63,5889
-0,234429;-64,4862;-63,1861;-63,3234
-0,236426;-64,239;-62,9297;-63,0671
-0,238422;-63,9826;-62,6825;-62,8199
-0,240419;-63,7354;-62,4353;-62,5727
-0,242415;-63,4882;-62,179;-62,3255
-0,244412;-63,241;-61,9409;-62,0874
-0,246408;-63,003;-61,6938;-61,8494
-0,248404;-62,7649;-61,4557;-61,6022
-0,250401;-62,5269;-61,2177;-61,3733
-0,252397;-62,298;-60,9796;-61,1444
-0,254394;-62,06;-60,7507;-60,9155
-0,25639;-61,8311;-60,5127;-60,6775
-0,258387;-61,6022;-60,2838;-60,4486
-0,260383;-61,3825;-60,0641;-60,2197
-0,26238;-61,1536;-59,8352;-59,9908
-0,264376;-60,9339;-59,6246;-59,7711
-0,266373;-60,7141;-59,4049;-59,5514
-0,268369;-60,4944;-59,1852;-59,3408
-0,270365;-60,2838;-58,9746;-59,1302
-0,272362;-60,0732;-58,764;-58,9197
-0,274358;-59,8627;-58,5534;-58,7091
-0,276355;-59,6521;-58,3429;-58,4985
-0,278351;-59,4507;-58,1323;-58,2971
-0,280348;-59,2493;-57,9309;-58,0957
-0,282344;-59,0478;-57,7295;-57,8943
-0,284341;-58,8464;-57,5372;-57,7203
-0,286337;-58,645;-57,3358;-57,5097
-0,288333;-58,4527;-57,1344;-57,3083
-0,29033;-58,2513;-56,9421;-57,116
-0,292326;-58,0591;-56,7498;-56,9146
-0,294323;-57,8668;-56,5576;-56,7315
-0,296319;-57,6837;-56,3653;-56,5393
-0,298316;-57,4914;-56,173;-56,347
-0,300312;-57,3083;-55,9991;-56,1639
-0,302309;-57,1252;-55,8068;-55,9716
-0,304305;-56,9421;-55,6237;-55,7977
-0,306302;-56,759;-55,4406;-55,6146
-0,308298;-56,585;-55,2575;-55,4406
-0,310294;-56,4019;-55,0835;-55,2667
-0,312291;-56,228;-54,9096;-55,0835
-0,314287;-56,054;-54,7356;-54,9096
-0,316284;-55,8892;-54,5617;-54,7448
-0,31828;-55,7061;-54,3969;-54,58
-0,320277;-55,5322;-54,2229;-54,406
-0,322273;-55,3582;-54,049;-54,2412
-0,32427;-55,1934;-53,8842;-54,0673
-0,326266;-55,0286;-53,7194;-53,9025
-0,328262;-54,873;-53,5546;-53,7469
-0,330259;-54,7082;-53,3989;-53,5821
-0,332255;-54,5434;-53,2341;-53,4173
-0,334252;-54,3786;-53,0785;-53,2616
-0,336248;-54,2229;-52,9137;-53,106
-0,338245;-54,0673;-52,7581;-52,9503
-0,340241;-53,9117;-52,6024;-52,7947
-0,342238;-53,756;-52,4468;-52,639
-0,344234;-53,6004;-52,2911;-52,4834
-0,346231;-53,4539;-52,1355;-52,3369
-0,348227;-53,2982;-51,989;-52,1813
-0,350223;-53,1518;-51,8425;-52,0348
-0,35222;-53,0053;-51,696;-51,8883
-0,354216;-52,8496;-51,5496;-51,7418
-0,356213;-52,7123;-51,4031;-51,6045
-0,358209;-52,5887;-51,2566;-51,458
-0,360206;-52,5017;-51,1192;-51,3207
-0,362202;-52,2911;-50,9728;-51,1742
-0,364199;-52,1538;-50,8354;-51,0369
-0,366195;-52,0073;-50,6981;-50,8904
-0,368191;-51,87;-50,5608;-50,753
-0,370188;-51,7327;-50,4234;-50,6249
-0,372184;-51,5953;-50,2861;-50,4875
-0,374181;-51,458;-50,1579;-50,3502
-0,376177;-51,3298;-50,0206;-50,222
-0,378174;-51,1925;-49,8924;-50,0847
-0,38017;-51,0643;-49,7551;-49,9565
-0,382167;-50,9361;-49,6269;-49,8283
-0,384163;-50,808;-49,4987;-49,7002
-0,38616;-50,6798;-49,3706;-49,572
-0,388156;-50,5516;-49,2515;-49,4438
-0,390152;-50,4326;-49,1234;-49,3248
-0,392149;-50,3044;-48,9952;-49,2058
-0,394145;-50,1854;-48,8762;-49,0776
-0,396142;-50,0572;-48,748;-48,9586
-0,398138;-49,9382;-48,629;-48,8304
-0,400135;-49,8192;-48,51;-48,7205
-0,398138;-49,6086;-48,3177;-48,5191
-0,396142;-49,4347;-48,1529;-48,3543
-0,394145;-49,2699;-47,9881;-48,1987
-0,392149;-49,1051;-47,8416;-48,043
-0,390152;-48,9586;-47,686;-47,8965
-0,388156;-48,8029;-47,5486;-47,7501
-0,38616;-48,6564;-47,4022;-47,6036
-0,384163;-48,51;-47,2648;-47,4571
-0,382167;-48,3726;-47,1275;-47,3289
-0,38017;-48,2353;-46,9902;-47,1916
-0,378174;-48,098;-46,862;-47,0542
-0,376177;-47,9606;-46,7338;-46,9169
-0,374181;-47,8233;-46,5965;-46,7887
-0,372184;-47,686;-46,4683;-46,6606
-0,370188;-47,5578;-46,3401;-46,5415
-0,368191;-47,4296;-46,2119;-46,4134
-0,366195;-47,3014;-46,0929;-46,2852
-0,364199;-47,1733;-45,9648;-46,1662
-0,362202;-47,0451;-45,8457;-46,0472
-0,360206;-46,9261;-45,7176;-45,919
-0,358209;-46,7979;-45,5985;-45,8
-0,356213;-46,6789;-45,4795;-45,6809
-0,354216;-46,5599;-45,3605;-45,5619
-0,35222;-46,4408;-45,2415;-45,4429
-0,350223;-46,3218;-45,1225;-45,333
-0,348227;-46,2028;-45,0034;-45,214
-0,346231;-46,0838;-44,8936;-45,1041
-0,344234;-45,9648;-44,7745;-44,9851
-0,342238;-45,8457;-44,6647;-44,8753
-0,340241;-45,7359;-44,5548;-44,7654
-0,338245;-45,626;-44,4358;-44,6555
-0,336248;-45,507;-44,3259;-44,5457
-0,334252;-45,3971;-44,2161;-44,4358
-0,332255;-45,2873;-44,1062;-44,3259
-0,330259;-45,1774;-43,9963;-44,2161
-0,328262;-45,0675;-43,8956;-44,1154
-0,326266;-44,9577;-43,7858;-44,0146
-0,32427;-44,8478;-43,6759;-43,9048
-0,322273;-44,7471;-43,5752;-43,8041
-0,320277;-44,6372;-43,4653;-43,7034
-0,31828;-44,5274;-43,3646;-43,5935
-0,316284;-44,4266;-43,2547;-43,4928
-0,314287;-44,3259;-43,154;-43,3921
-0,312291;-44,2161;-43,0533;-43,2914
-0,310294;-44,1154;-42,9526;-43,1907
-0,308298;-44,0055;-42,8519;-43,09
-0,306302;-43,9048;-42,7512;-42,9984
-0,304305;-43,8041;-42,6505;-42,8977
-0,302309;-43,7034;-42,5498;-42,797
-0,300312;-43,6027;-42,4582;-42,6963
-0,298316;-43,5019;-42,3575;-42,6047
-0,296319;-43,4104;-42,2568;-42,504
-0,294323;-43,3097;-42,1653;-42,4033
-0,292326;-43,209;-42,0645;-42,3117
-0,29033;-43,1174;-41,973;-42,2202
-0,288333;-43,0167;-41,8814;-42,1195
-0,286337;-42,916;-41,7807;-42,0279
-0,284341;-42,8244;-41,6892;-41,9272
-0,282344;-42,7329;-41,5976;-41,8357
-0,280348;-42,6322;-41,5061;-41,7441
-0,278351;-42,5406;-41,4054;-41,6526
-0,276355;-42,4491;-41,3138;-41,561
-0,274358;-42,3575;-41,2314;-41,4694
-0,272362;-42,2568;-41,1307;-41,387
-0,270365;-42,1653;-41,0483;-41,2955
-0,268369;-42,0737;-40,9476;-41,2039
-0,266373;-41,9821;-40,8652;-41,1124
-0,264376;-41,8906;-40,7736;-41,0208
-0,26238;-41,799;-40,6821;-40,9384
-0,260383;-41,7075;-40,5997;-40,8469
-0,258387;-41,6251;-40,5081;-40,7645
-0,25639;-41,5335;-40,4257;-40,6821
-0,254394;-41,4511;-40,3342;-40,5905
-0,252397;-41,3596;-40,2518;-40,5081
-0,250401;-41,268;-40,1694;-40,4166
-0,248404;-41,1856;-40,0778;-40,3342
-0,246408;-41,0941;-39,9954;-40,2518
-0,244412;-41,0117;-39,9039;-40,1602
-0,242415;-40,9293;-39,8215;-40,0778
-0,240419;-40,8377;-39,7391;-39,9954
-0,238422;-40,7553;-39,6475;-39,913
-0,236426;-40,6638;-39,5651;-39,8306
-0,234429;-40,5814;-39,4827;-39,7391
-0,232433;-40,499;-39,4095;-39,6658
-0,230436;-40,4074;-39,3179;-39,5743
-0,22844;-40,325;-39,2447;-39,4919
-0,226444;-40,2426;-39,1531;-39,4186
-0,224447;-40,1602;-39,0707;-39,3362
-0,222451;-40,0778;-38,9975;-39,2538
-0,220454;-39,9954;-38,9059;-39,1714
-0,218458;-39,913;-38,8327;-39,089
-0,216461;-39,8306;-38,7594;-39,0066
-0,214465;-39,7482;-38,677;-38,9334
-0,212468;-39,6658;-38,6038;-38,8418
-0,210472;-39,5834;-38,5122;-38,7686
-0,208475;-39,501;-38,4298;-38,6862
-0,206479;-39,4186;-38,3566;-38,613
-0,204483;-39,3454;-38,2834;-38,5306
-0,202486;-39,263;-38,2101;-38,4573
-0,20049;-39,1806;-38,1369;-38,3749
-0,198493;-39,0982;-38,0545;-38,3017
-0,196497;-39,0249;-37,9812;-38,2193
-0,1945;-38,9425;-37,8988;-38,146
-0,192504;-38,8602;-37,8256;-38,0636
-0,190507;-38,7869;-37,7432;-37,9812
-0,188511;-38,7045;-37,6791;-37,908
-0,186515;-38,6221;-37,5967;-37,8347
-0,184518;-38,5489;-37,5143;-37,7523
-0,182522;-38,4665;-37,4319;-37,6791
-0,180525;-38,3841;-37,3495;-37,5967
-0,178529;-38,3108;-37,2671;-37,5235
-0,176532;-38,2376;-37,1939;-37,4411
-0,174536;-38,1552;-37,1115;-37,3678
-0,172539;-38,0728;-37,0474;-37,2946
-0,170543;-37,9995;-36,965;-37,2122
-0,168546;-37,9171;-36,8917;-37,1389
-0,16655;-37,8439;-36,8093;-37,0657
-0,164554;-37,7707;-36,7269;-36,9924
-0,162557;-37,6883;-36,6629;-36,9192
-0,160561;-37,615;-36,5805;-36,846
-0,158564;-37,5326;-36,5072;-36,7636
-0,156568;-37,4502;-36,434;-36,6903
-0,154571;-37,377;-36,3607;-36,6171
-0,152575;-37,2946;-36,2875;-36,5438
-0,150578;-37,2213;-36,2142;-36,4614
-0,148582;-37,1389;-36,1318;-36,3882
-0,146586;-37,0657;-36,0586;-36,3149
-0,144589;-36,9924;-35,9854;-36,2417
-0,142593;-36,91;-35,9121;-36,1685
-0,140596;-36,8368;-35,8389;-36,0861
-0,1386;-36,7544;-35,7656;-36,0128
-0,136603;-36,6812;-35,6924;-35,9396
-0,134607;-36,6079;-35,61;-35,8663
-0,13261;-36,5255;-35,5367;-35,7931
-0,130614;-36,4523;-35,4543;-35,7198
-0,128617;-36,3699;-35,3811;-35,6466
-0,126621;-36,2966;-35,3079;-35,5734
-0,124625;-36,2142;-35,2346;-35,491
-0,122628;-36,141;-35,1614;-35,4177
-0,120632;-36,0586;-35,0698;-35,3445
-0,118635;-35,9854;-34,9966;-35,2621
-0,116639;-35,9121;-34,9142;-35,1888
-0,114642;-35,8297;-34,8409;-35,1156
-0,112646;-35,7473;-34,7677;-35,0332
-0,110649;-35,6741;-34,6944;-34,9599
-0,108653;-35,5917;-34,612;-34,8775
-0,106657;-35,5184;-34,5296;-34,8043
-0,10466;-35,436;-34,4564;-34,7219
-0,102664;-35,3536;-34,374;-34,6487
-0,100667;-35,2712;-34,2824;-34,5663
-0,0986707;-35,1888;-34,2092;-34,4839
-0,0966743;-35,1156;-34,136;-34,4106
-0,0946778;-35,0332;-34,0536;-34,3282
-0,0926814;-34,9416;-33,9712;-34,2458
-0,0906849;-34,8592;-33,8796;-34,1634
-0,0886885;-34,7768;-33,7972;-34,081
-0,086692;-34,6944;-33,724;-33,9986
-0,0846956;-34,612;-33,6324;-33,9162
-0,0826991;-34,5205;-33,5592;-33,8338
-0,0807027;-34,4381;-33,4676;-33,7514
-0,0787062;-34,3465;-33,3852;-33,6599
-0,0767098;-34,2641;-33,2937;-33,5775
-0,0747133;-34,1726;-33,2113;-33,4859
-0,0727169;-34,081;-33,1289;-33,3944
-0,0707204;-33,9895;-33,0282;-33,3028
-0,068724;-33,8888;-32,9366;-33,2021
-0,0667275;-33,8064;-32,845;-33,1197
-0,0647311;-33,7148;-32,7535;-33,0282
-0,0627346;-33,6141;-32,6528;-32,9274
-0,0607382;-33,5225;-32,5521;-32,8267
-0,0587417;-33,4127;-32,4514;-32,7352
-0,0567453;-33,3211;-32,3507;-32,6345
-0,0547488;-33,2204;-32,2499;-32,5246
-0,0527524;-33,1106;-32,1401;-32,4239
-0,0507559;-33,0098;-32,0302;-32,314
-0,0487595;-32,8908;-31,9295;-32,2042
-0,046763;-32,7901;-31,8105;-32,0943
-0,0447666;-32,6711;-31,7006;-31,9753
-0,0427701;-32,5612;-31,5816;-31,8563
-0,0407737;-32,4422;-31,4626;-31,7372
-0,0387772;-32,314;-31,3344;-31,6091
-0,0367808;-32,195;-31,2062;-31,4809
-0,0347843;-32,0668;-31,078;-31,3527
-0,0327879;-31,9387;-30,9499;-31,2154
-0,0307914;-31,8105;-30,8125;-31,078
-0,028795;-31,664;-30,6661;-30,9316
-0,0267985;-31,5267;-30,5196;-30,7851
-0,0248021;-31,3802;-30,3639;-30,6294
-0,0228056;-31,2337;-30,2083;-30,4646
-0,0208092;-31,078;-30,0343;-30,2907
-0,0188127;-30,9224;-29,8787;-30,1259
-0,0168163;-30,7576;-29,6956;-29,9611
-0,0148198;-30,5837;-29,5125;-29,7688
-0,0128234;-30,4005;-29,3202;-29,5857
-0,0108269;-30,2174;-29,1279;-29,3843
-0,00883045;-30,0252;-28,9265;-29,1737
-0,006834;-29,8329;-28,716;-28,9631
-0,00483755;-29,6132;-28,4779;-28,7251
-0,0028411;-29,4301;-28,2673;-28,5054
-0,000844653;-29,2012;-28,0201;-28,2582
0,0011518;-28,9723;-27,7729;-28,011
0,00314825;-28,7434;-27,5074;-27,7455
0,0051447;-28,4779;-27,2328;-27,4617
0,00714115;-28,2307;-26,9581;-27,1778
0,0091376;-27,9561;-26,656;-26,8757
0,011134;-27,6722;-26,3447;-26,5553
0,0131305;-27,3793;-26,0243;-26,244
0,0151269;-27,0588;-25,6764;-25,8869
0,0171234;-26,7384;-25,3193;-25,5299
0,0191198;-26,3996;-24,9439;-25,1453
0,0211163;-26,0609;-24,5777;-24,7608
0,0231127;-25,6947;-24,1657;-24,3488
0,0251092;-25,301;-23,7354;-23,9002
0,0271056;-24,889;-23,2776;-23,4424
0,0291021;-24,4678;-22,8199;-22,9755
0,0310985;-24,0375;-22,3438;-22,4811
0,033095;-23,5706;-21,8311;-21,9684
0,0350914;-23,0854;-21,2909;-21,4099
0,0370879;-22,5818;-20,7416;-20,8423
0,0390843;-22,0417;-20,1465;-20,238
0,0410808;-21,5015;-19,5605;-19,6338
0,0430772;-20,9247;-18,9105;-18,9654
0,0450737;-20,3113;-18,2422;-18,2788
0,0470701;-19,6887;-17,5463;-17,5647
0,0490666;-19,0112;-16,8048;-16,8048
0,051063;-18,3337;-16,0632;-16,0357
0,0530595;-17,6196;-15,285;-15,23
0,0550559;-16,8688;-14,4518;-14,3786
0,0570524;-16,0906;-13,6187;-13,5088
0,0590488;-15,2667;-12,7123;-12,5841
0,0610453;-14,461;-11,8334;-11,6869
0,0630418;-13,5821;-10,8812;-10,7073
0,0650382;-12,6665;-9,90158;-9,691
0,0670347;-11,7235;-8,88533;-8,63813
0,0690311;-10,7439;-7,83246;-7,54864
0,0710276;-9,73678;-6,76127;-6,44999
0,073024;-8,70222;-5,64431;-5,30556
0,0750205;-7,60357;-4,46326;-4,09705
0,0770169;-6,49577;-3,0016;-2,56947
0,0790134;-5,31472;-1,79126;-1,32616
0,0810098;-4,12451;-0,565347;-0,0627146
0,0830063;-2,59968;0,738384;1,27764
0,0850027;-1,37194;2,07416;2,66285
0,0869992;-0,0856031;3,44564;4,08194
0,0889956;1,26024;4,87572;5,55138
0,0909921;2,66102;6,3415;7,06203
0,0929885;4,06729;7,80911;8,57816
0,094985;5,52758;9,33349;10,1483
0,0969814;7,03456;10,8972;11,7633
0,0989779;8,57908;12,4976;13,4113
0,100974;10,1456;14,1144;15,0794
0,102971;11,7697;15,7899;16,8061
0,104967;13,4086;17,4754;18,5374
0,106964;15,1252;19,2305;20,3447
0,10896;16,8144;20,9627;22,1282
0,110957;18,5686;22,7517;23,9693
0,112953;20,3841;24,5965;25,8654
0,114949;22,1923;26,4349;27,7551
0,116946;24,049;28,3127;29,6223
0,118942;25,9185;30,1534;31,5175
0,120939;27,8228;32,0211;33,4676
0,122935;29,7871;34,0261;35,5459
0,124932;31,6548;35,9487;37,5235
0,126928;33,6599;37,9538;39,5926
0,128925;35,6649;39,9771;41,6617
0,130921;37,7157;42,0096;43,7675
0,132918;39,8123;44,1062;45,919
0,134914;41,8997;46,1753;48,0339
0,13691;44,0238;48,2628;50,1946
0,138907;46,157;50,3777;52,3644
0,140903;48,2719;52,4651;54,5068
0,1429;50,4875;54,6532;56,7407
0,144896;52,6848;56,7956;58,9563
0,146893;54,9187;58,9746;61,181
0,148889;57,0977;61,117;63,3783
0,150886;59,3317;63,2959;65,594
0,152882;61,593;65,4932;67,8462
0,154878;63,8819;67,7089;70,1259
0,156875;66,125;69,8878;72,3507
0,158871;68,3589;72,0394;74,548
0,160868;70,6294;74,2275;76,791
0,162864;72,9549;76,4706;79,0616
0,164861;75,2255;78,6404;81,2955
0,166857;77,5235;80,8377;83,5386
0,168854;79,7574;82,9801;85,7084
0,17085;82,0829;85,1774;87,9423
0,172847;84,3351;87,3198;90,1213
0,174843;86,6056;89,4713;92,3095
0,176839;88,8945;91,6411;94,5068
0,178836;91,0826;93,7102;96,6033
0,180832;93,3165;95,8068;98,7274
0,182829;95,5596;97,9034;100,851
0,184825;97,7569;99,9542;102,93
0,186822;100,018;102,06;105,063
0,188818;102,106;104,001;107,022
0,190815;104,257;106,006;109,036
0,192811;106,39;107,965;111,014
0,194807;108,505;109,906;112,973
0,196804;110,611;111,829;114,914
0,1988;112,616;113,66;116,745
0,200797;114,63;115,482;118,567
0,202793;116,654;117,322;120,407
0,20479;118,567;119,034;122,119
0,206786;120,517;120,774;123,859
0,208783;122,376;122,422;125,498
0,210779;124,225;124,051;127,118
0,212776;126,001;125,608;128,656
0,214772;127,75;127,137;130,167
0,216768;129,453;128,602;131,614
0,218765;131,119;130,039;133,024
0,220761;132,703;131,366;134,324
0,222758;134,241;132,676;135,578
0,224754;135,743;133,912;136,786
0,226751;137,18;135,102;137,922
0,228747;138,553;136,219;138,975
0,230744;139,89;137,272;139,982
0,23274;141,108;138,233;140,87
0,234736;142,344;139,185;141,767
0,236733;143,433;140;142,499
0,238729;144,486;140,751;143,186
0,240726;145,484;141,465;143,818
0,242722;146,4;142,078;144,349
0,244719;147,233;142,618;144,807
0,246715;147,984;143,067;145,164
0,248712;148,661;143,442;145,438
0,250708;149,339;143,799;145,704
0,252705;149,805;143,964;145,768
0,254701;150,272;144,129;145,832
0,256697;150,62;144,157;145,768
0,258694;150,904;144,138;145,649
0,26069;151,151;144,083;145,475
0,262687;151,252;143,873;145,173
0,264683;151,316;143,626;144,816
0,26668;151,289;143,305;144,385
0,268676;151,151;142,875;143,854
0,270673;150,986;142,426;143,296
0,272669;150,721;141,877;142,646
0,274665;150,401;141,291;141,95
0,276662;149,961;140,586;141,154
0,278658;149,476;139,854;140,32
0,280655;148,945;139,075;139,451
0,282651;148,35;138,251;138,535
0,284648;147,663;137,345;137,537
0,286644;146,903;136,384;136,503
0,288641;146,116;135,404;135,45
0,290637;145,292;134,406;134,379
0,292634;144,395;133,353;133,262
0,29463;143,479;132,319;132,154
0,296626;142,463;131,183;130,954
0,298623;141,465;130,112;129,828
0,300619;140,421;128,995;128,666
0,302616;139,35;127,887;127,503
0,304612;138,27;126,77;126,34
0,306609;137,116;125,599;125,141
0,308605;135,981;124,427;123,951
0,310602;134,827;123,255;122,751
0,312598;133,655;122,092;121,552
0,314594;132,511;120,948;120,389
0,316591;131,284;119,739;119,171
0,318587;130,103;118,585;118,009
0,320584;128,931;117,441;116,846
0,32258;127,75;116,306;115,702
0,324577;126,587;115,18;114,575
0,326573;125,397;114,063;113,44
0,32857;124,244;112,955;112,341
0,330566;123,099;111,875;111,252
0,332563;121,946;110,794;110,181
0,334559;120,829;109,741;109,128
0,336555;119,693;108,698;108,084
0,338552;118,576;107,672;107,068
0,340548;117,478;106,665;106,07
0,342545;116,388;105,676;105,081
0,344541;115,326;104,706;104,12
0,346538;114,273;103,754;103,177
0,348534;113,23;102,811;102,234
0,350531;112,195;101,886;101,328
0,352527;111,197;100,98;100,43
0,354523;110,208;100,101;99,5514
0,35652;109,229;99,2218;98,6816
0,358516;108,267;98,3612;97,8393
0,360513;107,324;97,5189;97,0062
0,362509;106,409;96,7041;96,1913
0,364506;105,493;95,8801;95,3857
0,366502;104,596;95,0927;94,5983
0,368499;103,726;94,3145;93,8384
0,370495;102,866;93,5454;93,0694
0,372492;102,014;92,7947;92,3278
0,374488;101,181;92,0531;91,6045
0,376484;100,366;91,3298;90,8812
0,378481;99,5789;90,6249;90,1946
0,380477;98,7732;89,9107;89,4896
0,382474;98,0041;89,2332;88,8212
0,38447;97,2442;88,5557;88,1529
0,386467;96,5026;87,8965;87,5029
0,388463;95,7702;87,2465;86,862
0,39046;95,0469;86,6056;86,2303
0,392456;94,342;85,9831;85,6168
0,394452;93,6553;85,3696;85,0034
0,396449;92,9595;84,7562;84,4083
0,398445;92,2911;84,1703;83,8224
0,400442;91,632;83,5843;83,2456
0,402438;90,9911;83,0167;82,6871
0,404435;90,3502;82,4399;82,1286
0,406431;89,7185;81,8906;81,5793
0,408428;89,1051;81,3413;81,0391
0,410424;88,5008;80,8103;80,5173
0,412421;87,9057;80,2792;79,9954
0,414417;87,3198;79,7574;79,4736
0,416413;86,743;79,2447;78,97
0,41841;86,1845;78,7411;78,4756
0,420406;85,626;78,2467;77,9904
0,422403;85,0767;77,7615;77,5051
0,424399;84,5274;77,2763;77,0291
0,426396;84,0055;76,8093;76,5713
0,428392;83,4836;76,3424;76,1135
0,430389;82,9618;75,8846;75,6558
0,432385;82,4674;75,436;75,2163
0,434381;81,9638;74,9874;74,7677
0,436378;81,4694;74,548;74,3374
0,438374;80,9842;74,1176;73,9071
0,440371;80,5081;73,6965;73,4859
0,442367;80,0412;73,2753;73,0739
0,444364;79,5743;72,8634;72,6711
0,44636;79,1165;72,4514;72,2683
0,448357;78,6679;72,0577;71,8746
0,450353;78,2284;71,6548;71,4809
0,45235;77,7981;71,2703;71,0964
0,454346;77,3587;70,8766;70,7118
0,456342;76,9375;70,5013;70,3456
0,458339;76,5255;70,1259;69,9702
0,460335;76,1044;69,7597;69,604
0,462332;75,7015;69,3935;69,247
0,464328;75,2987;69,0364;68,8899
0,466325;74,905;68,6793;68,542
0,468321;74,5113;68,3314;68,1941
0,470318;74,1268;67,9835;67,8553
0,472314;73,7423;67,6448;67,5166
0,47431;73,3761;67,3152;67,187
0,476307;73,0007;66,9764;66,8574
0,478303;72,6345;66,656;66,537
0,4803;72,2683;66,3355;66,2165
0,482296;71,9203;66,0151;65,9052
0,484293;71,5633;65,7038;65,5848
0,486289;71,2154;65,3925;65,2827
0,488286;70,8766;65,0813;64,9714
0,490282;70,5379;64,7883;64,6784
0,492279;70,1991;64,4862;64,3763
0,494275;69,8695;64,184;64,0833
0,496271;69,5399;63,9002;63,7995
0,498268;69,2195;63,6072;63,5065
0,500264;68,8991;63,3143;63,2227
0,502261;68,5878;63,0304;62,948
0,504257;68,2765;62,7558;62,6642
0,506254;67,9744;62,472;62,3987
0,50825;67,6631;62,1973;62,1241
0,510247;67,361;61,9318;61,8585
0,512243;67,068;61,6571;61,593
0,514239;66,775;61,4008;61,3275
0,516236;66,4912;61,1353;61,0712
0,518232;66,1982;60,8789;60,8148
0,520229;65,9144;60,6226;60,5585
0,522225;65,6397;60,3754;60,3113
0,524222;65,3651;60,119;60,0641
0,526218;65,0904;59,8718;59,8169
0,528215;64,8157;59,6338;59,5789
0,530211;64,5502;59,3866;59,3408
0,532208;64,2847;59,1485;59,0936
0,534204;64,0192;58,9105;58,8647
0,5362;63,7629;58,6816;58,6358
0,538197;63,5065;58,4436;58,3978
0,540193;63,2502;58,2238;58,1781
0,54219;63,003;57,9858;57,9492
0,544186;62,7558;57,7661;57,7203
0,546183;62,5086;57,5463;57,5097
0,548179;62,2705;57,3266;57,29
0,550176;62,0233;57,1069;57,0703
0,552172;61,7853;56,8963;56,8505
0,554168;61,5473;56,6857;56,6491
0,556165;61,3184;56,466;56,4294
0,558161;61,0895;56,2554;56,228
0,560158;60,8606;56,054;56,0174
0,562154;60,6317;55,8434;55,816
0,564151;60,412;55,642;55,6146
0,566147;60,1831;55,4406;55,4131
0,568144;59,9725;55,2392;55,2117
0,57014;59,7528;55,0469;55,0195
0,572137;59,5331;54,8455;54,8272
0,574133;59,3225;54,6532;54,6349
0,576129;59,1119;54,461;54,4427
0,578126;58,9014;54,2687;54,2504
0,580122;58,6908;54,0856;54,0673
0,582119;58,4894;53,9025;53,875
0,584115;58,2879;53,7102;53,6919
0,586112;58,0865;53,5271;53,518
0,588108;57,8851;53,344;53,3349
0,590105;57,6837;53,1701;53,1609
0,592101;57,4914;52,9961;52,9778
0,594097;57,2992;52,813;52,8038
0,596094;57,1069;52,639;52,6299
0,59809;56,9146;52,4651;52,4559
0,600087;56,7315;52,2911;52,2911
0,602083;56,5393;52,1172;52,1172
0,60408;56,3561;51,9524;51,9524
0,606076;56,173;51,7876;51,7876
0,608073;55,9899;51,6136;51,6228
0,610069;55,8068;51,458;51,458
0,612066;55,6329;51,2932;51,2932
0,614062;55,4589;51,1376;51,1376
0,616058;55,2758;50,9728;50,9819
0,618055;55,111;50,808;50,8171
0,620051;54,9371;50,6615;50,6615
0,622048;54,7631;50,5058;50,5058
0,624044;54,5983;50,3502;50,3593
0,626041;54,4335;50,1946;50,2037
0,628037;54,2687;50,0481;50,0572
0,630034;54,1039;49,8924;49,9107
0,63203;53,9391;49,7459;49,7551
0,634026;53,7835;49,5995;49,6086
0,636023;53,6187;49,453;49,4621
0,638019;53,463;49,3065;49,3248
0,640016;53,3074;49,1691;49,1783
0,642012;53,1518;49,0227;49,041
0,644009;52,9961;48,8853;48,8945
0,646005;52,8405;48,748;48,7572
0,648002;52,694;48,6015;48,6198
0,649998;52,5383;48,4733;48,4916
