,Potencial (V),D,E,F,J,K,L,M,N,O,P,Q,R,S,T,U,A,B,C,G,H,I,1,2,3,1,2,3,"2,88ng/mL"
0,-0.499957,140.62700000000007,150.42400000000004,123.04899999999998,105.01300000000003,115.44999999999999,117.37199999999996,120.11899999999997,106.29399999999998,116.64000000000004,108.30799999999999,107.02699999999999,113.70999999999998,110.41499999999996,111.697,106.20299999999997,139.16200000000003,150.23999999999995,137.42200000000003,93.38499999999999,88.62400000000002,104.28000000000003,470.176,477.226,492.699,470.909,494.164,527.398,46.8528
1,-0.489975,54.016999999999996,59.41899999999998,52.73499999999996,43.85500000000002,41.74899999999997,46.509000000000015,48.065999999999974,43.30500000000001,44.95300000000003,42.66399999999999,32.04399999999998,47.51600000000002,48.065999999999974,45.31999999999999,38.636000000000024,51.08699999999999,65.46099999999996,57.221000000000004,37.903999999999996,38.63500000000005,44.76999999999998,404.99,412.039,431.266,400.229,423.301,453.788,29.045299999999997
2,-0.479993,29.754999999999995,38.72800000000001,39.55099999999999,30.396000000000015,29.47999999999996,31.586000000000013,29.47999999999996,28.38100000000003,30.670999999999992,27.46599999999995,11.901999999999987,33.141999999999996,33.966999999999985,28.65700000000004,26.734000000000037,31.677999999999997,46.325999999999965,33.50800000000004,24.90300000000002,26.27600000000001,31.677999999999997,389.517,399.313,418.265,383.932,401.053,437.217,21.194500000000005
3,-0.47001,21.607000000000028,31.677999999999997,32.04399999999998,24.262,23.529999999999973,25.086000000000013,22.064999999999998,23.071000000000026,23.713000000000022,20.140999999999963,6.225999999999999,26.09200000000004,27.28299999999996,22.340000000000032,20.874000000000024,25.451999999999998,39.459,26.82499999999999,19.227000000000032,20.415999999999997,26.093000000000018,385.855,396.933,413.138,376.333,396.017,429.709,16.273799999999994
4,-0.460028,18.585000000000036,25.909999999999968,26.000999999999976,20.325000000000045,19.13499999999999,19.959000000000003,18.401999999999987,19.501000000000033,19.501000000000033,16.113,5.951000000000022,21.973000000000013,23.254999999999995,17.762,17.121000000000038,20.41700000000003,33.141999999999996,24.444999999999993,15.473000000000013,16.75400000000002,22.156000000000006,382.65,394.827,409.567,371.939,393.545,425.406,12.634299999999996
5,-0.450046,16.113,21.60699999999997,21.331999999999994,16.938000000000045,15.838999999999999,15.747000000000014,15.930999999999983,16.66300000000001,16.480000000000018,13.45799999999997,5.675999999999988,19.043000000000006,19.68399999999997,14.375,14.466000000000008,16.388000000000034,27.923999999999978,22.52199999999999,12.908999999999992,14.374000000000024,19.408999999999992,380.362,393.271,406.821,369.009,391.714,422.66,9.864800000000002
6,-0.440064,13.915999999999997,18.127999999999986,17.486999999999966,14.008000000000038,13.183999999999969,12.267999999999972,14.09899999999999,14.281999999999982,14.283000000000015,11.534999999999968,4.944000000000017,16.846000000000004,16.57099999999997,11.811000000000035,12.543000000000006,13.092000000000041,23.62099999999998,20.69100000000003,10.987000000000023,12.360000000000014,17.30400000000003,378.714,391.989,404.807,366.903,390.249,420.645,7.3700000000000045
7,-0.430081,11.992999999999995,15.289999999999964,14.281999999999982,11.353000000000009,11.077999999999975,9.521000000000015,12.359999999999957,11.901999999999987,12.451999999999998,10.07099999999997,4.3940000000000055,15.105999999999995,14.007999999999981,9.888000000000034,11.078000000000031,10.437000000000012,19.95799999999997,18.951000000000022,9.430000000000007,11.078000000000031,15.656000000000006,377.249,391.073,402.884,365.347,389.059,419.181,5.1270000000000095
8,-0.420099,10.345000000000027,12.817999999999984,11.62700000000001,8.973000000000013,9.247000000000014,7.324000000000012,10.894999999999982,10.071000000000026,11.078000000000031,9.063999999999965,3.8450000000000273,13.458000000000027,12.08499999999998,8.424000000000035,9.705000000000041,8.240000000000009,16.846000000000004,17.39500000000004,8.240000000000009,9.887,14.281999999999982,375.967,390.341,401.053,363.973,387.961,418.174,3.158799999999985
9,-0.410117,9.064000000000021,10.802999999999997,9.337999999999965,6.867000000000019,7.964999999999975,5.492999999999995,9.704999999999984,8.51400000000001,9.705000000000041,8.33099999999996,3.478999999999985,11.810000000000002,10.620999999999981,7.233000000000004,8.789000000000044,6.317000000000007,14.281999999999982,16.295999999999992,7.415999999999997,9.063000000000045,13.184000000000026,375.326,389.7,399.497,363.058,387.228,417.441,1.6938000000000102
10,-0.400135,8.057000000000016,9.156000000000006,7.415999999999997,5.1270000000000095,6.774999999999977,4.02800000000002,8.697999999999979,7.232000000000028,8.881000000000029,7.964999999999975,3.3870000000000005,10.52800000000002,9.613,6.501000000000033,8.240000000000009,4.852000000000032,12.08499999999998,15.381000000000029,6.958000000000027,8.148000000000025,12.543000000000006,374.594,389.334,398.215,362.509,386.77,416.983,0.6868000000000052
11,-0.390152,7.049000000000035,7.873999999999967,5.675999999999988,3.6620000000000346,5.860000000000014,2.745999999999981,7.873999999999967,6.1340000000000146,8.057000000000016,7.8729999999999905,3.478999999999985,9.521000000000015,8.880999999999972,6.043000000000006,7.782000000000039,3.5710000000000264,10.07099999999997,14.648000000000025,6.592000000000041,7.232000000000028,11.901999999999987,374.136,389.151,397.116,362.051,386.404,416.8,0.18299999999999272
12,-0.38017,6.408999999999992,6.774999999999977,4.210999999999956,2.472000000000037,5.218999999999994,1.738999999999976,7.140999999999963,5.218000000000018,7.415999999999997,8.147999999999968,3.6619999999999777,8.789000000000044,8.422999999999945,5.768000000000029,7.5989999999999895,2.472000000000037,8.605999999999995,14.007000000000005,6.592000000000041,6.591000000000008,11.444000000000017,373.953,389.059,396.475,361.868,386.221,416.983,0.0
13,-0.370188,5.951000000000022,5.859999999999957,2.930000000000007,1.4650000000000318,4.760999999999967,1.0980000000000132,6.5919999999999845,4.668999999999983,6.684000000000026,8.605999999999995,4.1200000000000045,8.239000000000033,8.422999999999945,5.677000000000021,7.5989999999999895,1.740000000000009,7.140999999999963,13.550000000000011,6.775000000000034,6.317000000000007,11.261000000000024,373.861,388.968,396.017,362.051,386.221,417.35,0.20580000000001064
14,-0.360206,5.492999999999995,5.310000000000002,1.9230000000000018,0.9159999999999968,4.394999999999982,0.5489999999999782,6.31699999999995,4.302999999999997,6.3180000000000405,9.337999999999965,4.851999999999975,8.148000000000025,8.605999999999995,5.860000000000014,7.874000000000024,1.007000000000005,6.133999999999958,13.182999999999993,7.415999999999997,6.317000000000007,11.444000000000017,374.044,389.242,396.109,362.417,386.496,418.082,0.8925000000000409
15,-0.350223,5.310000000000002,4.853000000000009,1.0989999999999895,0.3660000000000423,4.1200000000000045,0.18299999999999272,6.225999999999999,4.1200000000000045,5.951000000000022,10.527999999999963,5.860000000000014,8.331000000000017,9.155999999999949,6.408999999999992,8.331999999999994,0.549000000000035,5.1270000000000095,13.091999999999985,8.057000000000016,6.591000000000008,11.62700000000001,374.411,389.7,396.2,363.058,387.045,418.998,1.853999999999985
16,-0.340241,5.035000000000025,4.48599999999999,0.45799999999997,0.09200000000004138,4.1200000000000045,0.0,6.31699999999995,3.937000000000012,5.951000000000022,11.626999999999953,6.958000000000027,8.789000000000044,9.887999999999977,7.233000000000004,9.156000000000006,0.2750000000000341,4.48599999999999,12.908999999999992,9.064000000000021,7.1410000000000196,12.177000000000021,374.868,390.249,396.567,363.973,387.686,420.279,3.25
17,-0.330259,5.1270000000000095,4.394999999999982,0.09199999999998454,0.0,4.302999999999997,0.18299999999999272,6.5919999999999845,4.211000000000013,6.134999999999991,13.274999999999977,8.423000000000002,9.613,10.986999999999966,8.698000000000036,10.163000000000011,0.0,3.936999999999955,12.908999999999992,10.346000000000004,8.148000000000025,12.817999999999984,375.784,390.982,397.299,365.255,388.602,421.653,5.0815000000000055
18,-0.320277,5.218000000000018,4.394999999999982,0.0,0.2750000000000341,4.760999999999967,0.45699999999999363,7.140999999999963,4.668999999999983,6.501000000000033,15.105999999999995,10.071000000000026,10.802999999999997,12.359999999999957,10.528999999999996,11.628000000000043,0.0,3.6619999999999777,13.0,11.994000000000028,9.247000000000014,13.641999999999996,376.699,391.989,398.215,366.72,389.792,423.392,7.20980000000003
19,-0.310294,5.492999999999995,4.48599999999999,0.0,0.6410000000000196,5.1270000000000095,0.8240000000000123,7.964999999999975,5.218000000000018,7.141999999999996,16.753999999999962,11.901999999999987,12.085000000000036,14.007999999999981,12.727000000000032,13.001000000000033,0.0,3.478999999999985,13.091999999999985,13.550000000000011,10.620000000000005,14.557000000000016,377.615,393.088,399.313,368.368,391.165,425.223,9.544300000000021
20,-0.300312,5.675999999999988,4.668999999999983,0.0,1.282000000000039,5.676999999999964,1.4639999999999986,8.880999999999972,5.859000000000037,7.782000000000039,18.310000000000002,13.733000000000004,13.458000000000027,15.472999999999956,15.107000000000028,14.649000000000001,0.0,3.3870000000000005,13.275000000000034,15.381000000000029,12.085000000000036,15.381000000000029,378.805,394.186,400.504,370.199,392.721,426.963,12.085000000000036
21,-0.29033,6.04200000000003,5.036000000000001,0.27499999999997726,2.198000000000036,6.408999999999992,2.2889999999999873,10.07099999999997,6.775000000000034,8.698000000000036,19.774999999999977,15.747000000000014,15.105999999999995,17.303999999999974,17.762,16.480000000000018,0.2750000000000341,3.478999999999985,13.550000000000011,17.213000000000022,13.733000000000004,16.297000000000025,379.904,395.651,401.785,372.213,394.369,428.702,14.831799999999987
22,-0.280348,6.5,5.5849999999999795,0.6409999999999627,3.296000000000049,7.140999999999963,3.3870000000000005,11.169999999999959,7.689999999999998,9.797000000000025,21.147999999999968,17.761000000000024,16.75400000000002,19.13499999999999,20.600000000000023,18.311000000000035,0.549000000000035,3.752999999999986,13.733000000000004,19.04400000000004,15.289000000000044,17.394999999999982,381.094,397.116,403.159,374.136,396.017,430.35,17.555499999999995
23,-0.270365,7.049000000000035,6.133999999999958,1.007000000000005,4.670000000000016,8.05699999999996,4.48599999999999,12.359999999999957,8.697000000000003,10.895000000000039,22.339,19.684000000000026,18.402000000000044,20.599999999999966,23.347000000000037,20.05000000000001,1.007000000000005,4.210999999999956,14.191000000000031,20.692000000000007,16.75400000000002,18.127999999999986,382.284,398.489,404.349,376.059,397.757,431.54,20.25630000000001
24,-0.260383,7.507000000000005,6.95799999999997,1.8309999999999604,6.043000000000006,9.156000000000006,5.8589999999999804,13.549999999999955,9.704000000000008,11.994000000000028,23.253999999999962,21.240999999999985,19.958000000000027,21.972999999999956,26.00200000000001,21.607000000000028,1.3729999999999905,4.668999999999983,14.648000000000025,22.156000000000006,18.036,18.860000000000014,383.291,399.771,405.264,377.615,399.405,432.456,22.797000000000025
25,-0.250401,8.331000000000017,7.873999999999967,2.562999999999988,7.691000000000031,10.528999999999996,7.233000000000004,14.55699999999996,10.620000000000005,13.001000000000033,23.71199999999999,22.613999999999976,21.149,23.071999999999946,28.47399999999999,22.88900000000001,2.1059999999999945,5.492999999999995,15.105999999999995,23.16300000000001,19.043000000000006,19.408999999999992,384.207,400.778,406.088,378.988,400.87,432.914,25.062999999999988
26,-0.240419,9.247000000000014,9.063999999999965,3.8449999999999704,9.522000000000048,11.901999999999987,8.788999999999987,15.380999999999972,11.444000000000017,13.91700000000003,23.986999999999966,23.528999999999996,22.06400000000002,23.803999999999974,30.396000000000015,23.896000000000015,2.8380000000000223,6.407999999999959,16.113,23.713000000000022,19.775000000000034,19.684000000000026,384.848,401.785,406.546,379.812,401.968,432.822,27.008500000000026
27,-0.230437,10.162000000000035,10.436999999999955,4.94399999999996,11.170000000000016,13.183999999999969,10.07099999999997,15.930999999999983,11.992999999999995,14.557000000000016,23.528999999999996,23.713000000000022,22.613,23.895999999999958,31.95300000000003,24.170000000000016,3.5710000000000264,7.507000000000005,16.846000000000004,23.53000000000003,20.05000000000001,19.501000000000033,385.123,402.243,406.455,380.087,402.701,432.181,28.3818
28,-0.220454,11.444000000000017,12.08499999999998,6.5,12.909000000000049,14.466000000000008,11.168999999999983,16.113999999999976,12.359000000000037,14.924000000000035,22.704999999999984,23.437999999999988,22.613,23.62099999999998,32.867999999999995,23.987000000000023,4.66900000000004,8.879999999999995,17.85300000000001,22.88900000000001,19.775000000000034,18.951999999999998,384.939,402.243,405.997,379.995,402.884,430.9,29.228499999999997
29,-0.210472,12.817000000000007,14.09899999999999,8.147999999999968,14.283000000000015,15.563999999999965,12.08499999999998,15.838999999999999,12.359000000000037,14.924000000000035,21.514999999999986,22.613999999999976,22.156000000000006,22.888999999999953,33.14300000000003,23.347000000000037,5.860000000000014,10.436999999999955,19.134000000000015,21.882000000000005,19.226,18.218999999999994,384.573,401.968,405.173,379.354,402.792,429.251,29.45750000000004
30,-0.20049,14.374000000000024,16.29699999999997,10.253999999999962,15.473000000000013,16.47999999999996,12.817000000000007,15.289999999999964,12.085000000000036,14.740000000000009,19.866999999999962,21.149,21.149,21.423999999999978,32.685,22.24799999999999,7.324000000000012,12.450999999999965,20.59899999999999,20.41700000000003,18.21900000000005,16.937000000000012,383.658,401.145,404.074,378.256,402.152,427.054,29.114000000000033
31,-0.190507,16.113,18.769000000000005,12.543000000000006,16.297000000000025,16.846000000000004,13.182999999999993,14.281999999999982,11.444000000000017,14.008000000000038,17.852999999999952,19.317999999999984,19.775000000000034,19.775999999999954,31.58699999999999,20.69100000000003,8.972000000000037,14.464999999999975,22.339,18.67700000000002,16.75400000000002,15.473000000000013,382.467,399.954,402.426,376.516,400.87,424.765,28.061300000000017
32,-0.180525,18.127999999999986,21.514999999999986,15.289999999999964,16.572000000000003,16.66300000000001,13.0,13.091999999999985,10.437000000000012,12.908999999999992,15.380999999999972,17.12099999999998,17.944000000000017,17.762,29.847000000000037,18.67700000000002,10.802999999999997,17.028999999999996,24.262,16.572000000000003,15.015000000000043,13.641999999999996,380.819,398.489,400.595,374.502,399.313,422.202,26.413299999999992
33,-0.170543,20.233000000000004,24.536999999999978,18.127999999999986,16.480000000000018,16.113999999999976,12.450999999999965,11.44399999999996,9.247000000000014,11.718999999999994,12.81699999999995,14.649000000000001,15.838999999999999,15.380999999999972,27.466999999999985,16.480000000000018,12.908999999999992,19.95799999999997,26.459000000000003,14.283000000000015,12.909000000000049,11.901999999999987,378.988,396.841,398.489,372.305,397.391,419.638,24.238800000000026
34,-0.160561,22.52199999999999,27.649,21.24000000000001,15.93100000000004,15.014999999999986,11.444000000000017,9.704999999999984,7.8729999999999905,10.071000000000026,10.253999999999962,12.267999999999972,13.550000000000011,12.908999999999992,24.537000000000035,14.008000000000038,15.107000000000028,22.97999999999996,28.656000000000006,11.811000000000035,10.895000000000039,9.888000000000034,377.066,394.919,396.384,369.833,395.376,417.258,21.60650000000004
35,-0.150579,24.994000000000028,30.853999999999985,24.35300000000001,14.740000000000009,13.459000000000003,10.07099999999997,7.781999999999982,6.225000000000023,8.240000000000009,7.781999999999982,9.795999999999992,10.986000000000047,10.345999999999947,21.240999999999985,11.444000000000017,17.39500000000004,26.366999999999962,31.127999999999986,9.247000000000014,8.51400000000001,7.8729999999999905,374.96,392.996,394.095,367.27,393.179,415.061,18.67700000000002
36,-0.140596,27.374000000000024,33.966999999999985,27.649,13.27600000000001,11.536000000000001,8.331000000000017,5.767999999999972,4.668999999999983,6.501000000000033,5.400999999999954,7.233000000000004,8.51400000000001,7.690999999999974,17.670000000000016,8.881000000000029,19.684000000000026,29.662999999999954,33.60000000000002,6.867000000000019,6.4080000000000155,5.8589999999999804,372.763,390.89,391.897,364.889,390.799,413.138,15.4495
37,-0.130614,29.754999999999995,37.079999999999984,30.853999999999985,11.353000000000009,9.247000000000014,6.5,4.027999999999963,3.2040000000000077,4.670000000000016,3.478999999999985,4.944000000000017,6.1340000000000146,5.493999999999971,14.191000000000031,6.408999999999992,22.064999999999998,33.05099999999999,36.072,4.578000000000031,4.486000000000047,4.1200000000000045,370.84,389.059,389.792,362.783,388.876,411.856,12.451300000000003
38,-0.120632,31.951999999999998,40.00899999999996,33.78299999999996,9.430000000000007,6.866999999999962,4.760999999999967,2.47199999999998,1.8310000000000173,3.0219999999999914,1.9219999999999686,3.021000000000015,4.02800000000002,3.5709999999999695,10.711999999999989,4.302999999999997,24.444999999999993,36.52999999999997,38.269000000000005,2.747000000000014,2.7460000000000377,2.562999999999988,368.917,387.32,388.144,361.044,387.137,411.215,9.658799999999985
39,-0.110649,33.96600000000001,42.75599999999997,36.43799999999999,7.508000000000038,4.5779999999999745,3.2040000000000077,1.0989999999999895,0.8230000000000359,1.5570000000000164,0.7319999999999709,1.5559999999999832,2.3799999999999955,1.922999999999945,7.508000000000038,2.3799999999999955,26.551000000000045,39.55099999999999,40.19200000000001,1.191000000000031,1.281000000000006,1.2819999999999823,367.544,385.947,386.679,359.945,385.855,411.215,7.301500000000033
40,-0.100667,35.70600000000002,45.31899999999996,38.63599999999997,5.860000000000014,2.5639999999999645,2.01400000000001,0.18299999999999272,0.09100000000000819,0.5500000000000114,0.0,0.45800000000002683,1.007000000000005,0.6409999999999627,4.853000000000009,1.007000000000005,28.564999999999998,42.480999999999995,42.023000000000025,0.2750000000000341,0.3660000000000423,0.36599999999998545,366.171,384.665,385.58,359.487,385.123,412.039,5.470300000000009
41,-0.0906847,37.262,47.88299999999998,40.55799999999999,4.761000000000024,1.007000000000005,1.4639999999999986,0.0,0.0,0.09200000000004138,0.2740000000000009,0.0,0.18299999999999272,0.18299999999999272,2.656000000000006,0.2750000000000341,30.488,45.04399999999998,43.488,0.0,0.0,0.0,365.438,384.115,384.939,359.854,384.939,413.962,4.463000000000022
42,-0.0807026,38.54400000000004,50.81299999999999,42.02299999999997,4.487000000000023,0.18299999999999272,1.5559999999999832,0.27499999999997726,0.36599999999998545,0.0,1.0979999999999563,0.0,0.0,0.0,1.0989999999999895,0.0,32.50200000000001,47.14999999999998,44.77000000000004,0.45800000000002683,0.09100000000000819,0.18299999999999272,365.164,383.841,384.939,361.227,385.672,416.983,4.326000000000022
43,-0.0707205,39.82600000000002,54.016999999999996,43.39599999999996,4.944000000000017,0.0,2.3799999999999955,1.3729999999999905,1.4650000000000318,0.7330000000000041,2.8379999999999654,0.9150000000000205,0.45699999999999363,0.6409999999999627,0.18400000000002592,0.549000000000035,34.51600000000002,48.706999999999994,45.960000000000036,1.740000000000009,0.7320000000000277,1.007000000000005,365.438,384.115,385.397,363.607,387.32,421.469,5.2642999999999915
44,-0.060738,41.47399999999999,58.31999999999999,44.76999999999998,6.501000000000033,0.7330000000000041,4.3940000000000055,3.2959999999999923,3.3870000000000005,2.015000000000043,5.400999999999954,2.47199999999998,1.7390000000000327,2.1059999999999945,0.0,1.9230000000000018,36.988,50.26299999999998,47.33300000000003,4.028999999999996,2.288000000000011,2.47199999999998,366.171,385.031,386.496,367.178,389.975,427.146,7.301500000000033
45,-0.0507559,43.85400000000004,63.90499999999997,46.875999999999976,9.522000000000048,2.6549999999999727,7.507000000000005,6.31699999999995,6.4080000000000155,4.487000000000023,9.42999999999995,5.218999999999994,3.9360000000000355,4.5779999999999745,1.0080000000000382,4.48599999999999,40.375,52.00200000000001,49.34700000000004,7.415999999999997,4.66900000000004,4.944000000000017,367.819,386.954,388.602,372.122,393.728,434.562,10.826300000000003
46,-0.0407738,47.150000000000034,70.863,49.988,13.825000000000045,5.950999999999965,12.08499999999998,10.620000000000005,10.620000000000005,7.966000000000008,14.55699999999996,8.97199999999998,7.324000000000012,8.239999999999952,2.8389999999999986,8.149000000000001,45.045000000000016,54.38299999999998,52.27699999999999,12.085000000000036,8.239000000000033,8.331000000000017,370.291,389.517,391.714,378.531,398.856,443.442,15.861500000000035
47,-0.0307913,51.911,79.469,54.474999999999966,19.86700000000002,10.711999999999989,18.036,16.204999999999984,15.930000000000007,12.634999999999991,21.05699999999996,14.09899999999999,11.902000000000044,13.091999999999985,5.951000000000022,13.184000000000026,51.17900000000003,57.861999999999966,56.39699999999999,18.220000000000027,12.909000000000049,12.908999999999992,373.861,393.362,395.834,386.404,405.539,453.788,22.499300000000005
48,-0.0208092,58.22800000000001,89.53999999999996,60.42599999999999,27.46700000000004,17.12099999999998,25.451999999999998,23.072000000000003,22.614000000000033,18.494000000000028,28.839,20.50799999999998,17.85300000000001,19.317999999999984,10.437999999999988,19.77600000000001,58.86900000000003,62.62299999999999,61.98200000000003,25.727000000000032,18.860000000000014,18.76800000000003,378.439,398.306,401.236,395.651,413.321,465.507,30.69350000000003
49,-0.0108267,66.19300000000004,101.07599999999996,68.48199999999997,36.988,25.36099999999999,34.51600000000002,31.585999999999956,30.762,25.910000000000025,37.99399999999997,28.473000000000013,25.360000000000014,27.099999999999966,16.206000000000017,28.01600000000002,68.39100000000002,69.30599999999998,69.39800000000002,34.97399999999999,26.27600000000001,26.001000000000033,384.39,404.807,407.919,406.455,422.568,478.508,40.53550000000001
50,-0.000844639,75.62299999999999,113.61899999999997,78.096,48.158000000000015,35.52299999999997,45.04399999999998,41.382000000000005,40.283000000000015,34.69900000000001,48.339999999999975,37.72000000000003,34.424000000000035,36.52999999999997,23.53000000000003,37.81200000000001,79.286,77.63799999999998,78.27800000000002,45.50300000000004,34.97300000000001,34.69900000000001,391.623,412.405,415.976,418.265,432.639,492.332,51.911
51,0.00913746,86.33500000000004,126.52799999999996,89.35699999999997,60.884000000000015,47.24199999999996,56.85500000000002,52.460999999999956,50.995000000000005,44.58699999999999,59.601,48.34100000000001,44.77000000000004,47.150999999999954,32.22800000000001,49.25600000000003,91.64600000000002,87.61699999999996,88.34899999999999,57.22200000000004,44.86100000000005,44.495000000000005,399.954,421.378,425.223,431.083,443.442,506.248,64.59129999999999
52,0.01912,97.96300000000002,139.07099999999997,101.89999999999998,74.983,60.60899999999998,69.67199999999997,64.637,62.714,55.757000000000005,71.50299999999999,59.785000000000025,56.488,58.960999999999956,42.389999999999986,62.257000000000005,104.64600000000002,98.96999999999997,99.61000000000001,70.03900000000004,55.84800000000001,55.389999999999986,409.384,431.54,435.477,444.449,455.07,519.707,78.3245
53,0.0291021,109.68100000000004,150.88100000000003,115.44999999999999,90.45600000000002,75.53199999999998,83.03899999999999,77.45499999999998,75.07400000000001,67.56700000000001,83.40499999999997,72.14499999999998,69.12300000000005,71.96199999999999,53.742999999999995,76.26500000000004,117.83000000000004,111.32999999999998,111.32900000000006,83.68100000000004,67.65800000000002,67.38400000000001,419.913,442.71,446.464,457.816,467.247,532.25,93.04200000000003
54,0.0390842,121.39999999999998,161.59300000000002,129.274,106.38600000000002,91.28000000000003,96.22300000000001,90.54699999999997,87.52500000000003,79.83600000000001,95.03299999999996,84.505,82.30700000000002,85.23699999999997,66.01100000000002,91.37099999999998,130.64800000000002,123.964,122.957,97.41400000000004,80.01800000000003,79.56,430.9,454.52,457.908,470.909,479.606,543.328,108.26299999999998
55,0.0490667,132.29499999999996,170.474,142.64099999999996,122.50000000000006,107.20999999999998,108.94900000000001,103.36499999999995,99.61099999999999,91.82900000000001,105.83599999999996,96.58999999999997,95.582,98.42099999999999,78.73700000000002,106.66100000000006,142.18399999999997,136.324,133.76,110.68900000000002,92.10300000000001,91.82900000000001,442.252,466.423,469.169,482.811,491.325,552.575,123.62100000000004
56,0.0590487,141.817,177.79799999999994,155.00099999999998,137.78900000000004,122.77399999999994,120.39300000000003,115.358,110.50600000000003,102.90700000000004,115.17499999999995,107.75900000000001,108.30799999999999,110.87199999999996,91.28000000000003,121.40100000000007,152.438,147.76799999999997,143.19000000000005,122.86600000000004,103.45600000000002,103.27300000000002,453.147,477.775,479.789,493.431,501.579,560.174,138.61280000000005
57,0.0690312,149.41600000000005,183.65799999999996,165.80399999999997,151.88900000000007,137.05699999999996,130.37300000000005,125.887,120.30200000000002,113.07,123.13999999999999,117.55599999999998,119.844,122.22499999999997,103.457,135.13400000000001,161.31799999999998,157.93099999999998,151.15600000000006,133.12000000000006,113.618,113.70999999999998,463.127,488.304,489.403,502.495,510.369,565.942,152.84949999999998
58,0.0790133,155.45900000000006,187.96099999999996,174.68499999999995,164.065,149.59999999999997,138.70399999999995,135.04199999999997,128.45,121.767,129.457,125.79500000000002,129.91500000000002,132.02100000000002,114.53500000000003,147.03600000000006,168.55100000000004,166.445,157.28999999999996,141.36000000000007,122.041,122.774,472.282,497.368,497.734,509.911,517.235,569.97,165.6673
59,0.0889954,160.49400000000003,190.98200000000003,181.64300000000003,174.04500000000002,159.945,145.38800000000003,142.55,135.04200000000003,129.183,134.03499999999997,132.296,138.15500000000003,139.98599999999993,124.05600000000004,156.375,174.41100000000006,173.21999999999997,161.409,147.128,128.72500000000002,130.098,480.064,504.875,504.784,515.496,522.27,572.259,176.4708
60,0.0989779,164.889,192.99600000000004,186.76999999999998,182.10200000000003,168.09300000000002,150.789,148.40899999999993,139.986,135.226,137.14799999999997,136.96499999999997,144.83800000000002,146.39499999999992,132.02100000000002,163.24099999999999,179.08000000000004,178.622,163.88200000000006,150.88100000000003,133.30200000000002,135.95800000000003,486.473,510.369,510.369,519.615,525.567,572.717,185.14529999999996
61,0.10896,168.18500000000006,194.18599999999998,190.15800000000002,188.05200000000008,174.13600000000002,154.909,152.89499999999992,143.74,140.16999999999996,138.52100000000002,139.71200000000005,149.78199999999998,151.156,138.43,167.26999999999998,182.74199999999996,182.65000000000003,164.889,153.262,136.14100000000002,140.07800000000003,491.691,514.214,514.763,522.362,526.94,571.344,191.37100000000004
62,0.118943,170.74800000000005,194.55299999999994,191.71399999999994,192.08100000000007,177.79799999999994,157.83899999999994,155.91699999999997,146.12,144.015,138.24599999999992,140.26100000000002,153.17000000000002,154.26899999999995,143.37399999999997,168.918,185.48900000000003,185.122,165.34699999999998,154.45200000000006,136.87300000000005,142.64099999999996,495.445,515.77,517.876,523.552,526.757,567.956,195.01000000000005
63,0.128925,172.21299999999997,194.09499999999997,191.80599999999993,194.55300000000005,179.53799999999995,159.48699999999997,157.656,147.21900000000005,146.76200000000006,135.95800000000003,138.97899999999998,154.90900000000005,156.00799999999998,146.579,169.192,187.68600000000004,186.12899999999996,165.163,154.36000000000007,135.77500000000003,143.923,498.009,515.77,519.799,523.278,526.024,562.554,195.94880000000006
64,0.138907,172.48800000000006,192.44699999999995,190.15800000000002,195.28500000000003,179.99600000000004,160.22000000000003,158.02299999999997,147.21900000000005,148.31799999999998,132.29499999999996,136.96499999999997,155.18400000000003,156.19199999999995,148.31800000000004,169.375,188.87599999999998,185.76299999999998,164.24800000000005,151.79699999999997,132.93600000000004,144.015,499.199,515.862,520.531,521.446,525.109,555.23,193.88849999999996
65,0.148889,171.11400000000003,189.151,187.59399999999994,194.27800000000008,179.72099999999995,159.57899999999995,157.10700000000003,145.937,148.77600000000007,128.17499999999995,134.95099999999996,153.902,154.72699999999992,148.59300000000002,168.82600000000002,188.96799999999996,184.29799999999994,162.50800000000004,146.57800000000003,128.99900000000002,143.09900000000005,498.924,515.221,519.799,517.876,523.094,546.075,188.80750000000006
66,0.158871,168.18500000000006,183.38299999999998,184.66499999999996,191.71499999999997,178.897,157.65599999999995,154.72599999999994,143.09900000000005,148.22699999999998,124.42199999999997,132.204,150.60600000000005,151.43099999999998,147.128,165.62200000000007,187.41100000000006,182.28399999999993,159.029,138.97899999999998,124.05600000000004,139.986,497.002,513.115,517.418,512.017,518.7,534.722,180.1325
67,0.168853,163.515,174.95999999999998,180.81899999999996,186.954,176.24200000000002,154.17700000000002,150.69799999999992,138.70400000000006,146.39499999999998,119.01999999999998,126.89399999999995,145.113,145.93799999999993,143.74000000000007,159.48699999999997,183.56600000000003,179.35399999999998,154.08500000000004,128.72499999999997,117.37200000000001,134.584,492.973,508.721,513.024,503.777,511.742,520.897,167.613
68,0.178836,157.56399999999996,164.248,174.59399999999994,180.08700000000005,170.93199999999996,148.68399999999997,144.839,132.57000000000005,142.91600000000005,111.05499999999995,119.661,137.42199999999997,138.06400000000002,138.43,150.42399999999998,177.707,174.685,147.49300000000005,116.27400000000006,108.30800000000005,126.80200000000002,487.755,501.854,506.248,494.987,502.495,505.15,151.24730000000005
69,0.188818,150.24,151.247,166.07899999999995,170.93200000000007,162.69199999999995,140.99299999999994,136.96499999999997,124.42200000000003,136.96500000000003,100.70899999999995,110.13999999999999,127.99200000000002,127.53500000000003,131.106,138.61300000000006,169.558,167.81900000000002,138.97900000000004,102.08300000000003,97.13900000000001,116.36500000000001,481.437,492.607,497.185,486.015,490.959,488.762,131.65479999999997
70,0.198801,141.35900000000004,135.77500000000003,155.45899999999995,159.21300000000002,150.973,130.83100000000002,126.80299999999994,114.168,128.26800000000003,88.25799999999998,98.60399999999998,117.09700000000004,114.53500000000003,121.12700000000001,124.14700000000005,159.21299999999997,157.747,128.81600000000003,86.79400000000004,84.41200000000003,103.63900000000001,473.747,481.529,486.381,474.754,477.592,473.106,109.93379999999996
71,0.208783,130.00700000000006,117.73899999999998,142.0,144.839,136.14100000000002,117.73799999999994,114.35099999999994,101.99099999999999,117.007,74.25,85.05399999999997,104.73700000000002,99.51999999999998,108.40100000000001,107.851,146.212,145.02100000000002,116.548,71.13800000000003,71.04600000000005,89.44799999999998,463.401,468.894,473.747,460.746,462.76,458.549,87.66300000000001
72,0.218765,116.09000000000003,97.68799999999999,126.07,127.53500000000003,118.47099999999995,102.54000000000002,99.519,88.07499999999999,103.27300000000002,60.150999999999954,70.77100000000002,90.54700000000003,83.589,93.84300000000002,90.45600000000002,130.19000000000005,130.098,102.44900000000001,56.30600000000004,58.411,74.983,451.041,455.344,460.288,444.633,447.746,445.548,66.85750000000002
73,0.228747,99.79400000000004,76.99699999999996,108.03399999999999,108.40000000000003,99.24499999999995,85.60300000000001,83.31399999999996,73.51800000000003,87.98400000000004,46.966999999999985,56.39699999999999,75.34900000000005,67.93299999999999,78.37100000000004,73.243,111.42200000000003,113.06899999999996,86.793,43.30500000000001,47.24200000000002,61.158000000000015,437.858,441.703,446.922,428.885,433.372,435.752,49.11880000000002
74,0.238729,81.75800000000004,57.587999999999965,88.899,88.44200000000001,79.83499999999998,68.39100000000002,67.01799999999997,59.144000000000005,72.32800000000003,35.43099999999998,43.122000000000014,60.42500000000001,53.46799999999996,63.26400000000001,57.221000000000004,90.73000000000002,94.48399999999998,70.31299999999999,32.411,37.90300000000002,48.889999999999986,424.399,428.702,434.653,414.145,420.371,428.153,35.06479999999999
75,0.248711,63.53800000000001,40.924999999999955,70.49699999999996,69.21500000000003,61.70799999999997,52.18599999999998,51.54499999999996,45.960000000000036,57.58800000000002,25.817999999999984,31.677999999999997,46.875,41.19999999999999,49.257000000000005,43.214,70.13100000000003,75.34899999999999,54.19999999999999,23.987000000000023,30.579000000000008,38.72700000000003,411.765,417.166,424.033,401.328,409.476,422.293,24.422000000000025
76,0.258694,46.601,27.649,54.108000000000004,52.46100000000001,45.86899999999997,38.269000000000005,37.995000000000005,34.60700000000003,44.67900000000003,18.401999999999987,22.430999999999983,35.523000000000025,31.21999999999997,37.263000000000034,31.677999999999997,52.00300000000004,57.129999999999995,39.82600000000002,17.670000000000016,25.17700000000002,30.670999999999992,400.687,407.736,415.61,390.799,400.595,418.174,16.914800000000014
77,0.268676,32.59300000000002,17.760999999999967,40.64999999999998,38.81900000000002,32.95999999999998,27.190999999999974,27.00799999999998,25.543000000000006,34.150000000000034,13.0,15.288999999999987,26.55000000000001,23.712999999999965,27.557999999999993,22.797000000000025,36.896000000000015,41.198999999999955,27.924000000000035,13.27600000000001,21.515000000000043,24.718999999999994,391.714,400.321,409.11,382.376,393.912,415.519,11.8793
78,0.278659,21.514999999999986,10.802999999999997,30.395999999999958,28.290999999999997,23.072000000000003,18.767999999999972,18.585999999999956,18.67700000000002,26.185000000000002,9.246999999999957,9.887999999999977,19.86700000000002,18.31099999999998,20.234000000000037,16.388000000000034,25.451999999999998,28.289999999999964,18.585000000000036,10.437000000000012,19.043000000000006,20.50799999999998,384.665,394.919,404.532,376.242,388.693,413.962,8.651800000000037
79,0.288641,13.458000000000027,5.859999999999957,22.79699999999997,20.41700000000003,15.656000000000006,12.634000000000015,12.176999999999964,13.824000000000012,20.32499999999999,6.774000000000001,6.225999999999999,15.105999999999995,14.648999999999944,14.924000000000035,11.718999999999994,17.028999999999996,18.401999999999987,11.718999999999994,8.789000000000044,17.761000000000024,17.761000000000024,379.629,390.89,401.419,371.756,385.031,413.046,6.752299999999991
80,0.298623,7.782000000000039,2.7469999999999573,17.394999999999982,15.015000000000043,10.437000000000012,8.331000000000017,7.781999999999982,10.52800000000002,16.480000000000018,5.492999999999995,4.02800000000002,11.992999999999995,12.267999999999972,11.444999999999993,8.881000000000029,11.261000000000024,11.260999999999967,6.775000000000034,8.149000000000001,17.212000000000046,16.204999999999984,376.059,388.327,399.588,368.643,382.742,412.863,5.8595000000000255
81,0.308605,4.1200000000000045,1.007000000000005,13.824999999999989,11.444999999999993,7.050000000000011,5.5849999999999795,4.94399999999996,8.423000000000002,14.008000000000038,4.942999999999984,2.8380000000000223,10.162000000000035,11.260999999999967,9.24799999999999,7.233000000000004,7.415999999999997,6.407999999999959,3.569999999999993,8.149000000000001,17.39500000000004,15.473000000000013,373.953,386.77,398.489,366.812,381.369,413.229,5.79079999999999
82,0.318587,1.7390000000000327,0.18299999999999272,11.901999999999987,9.247000000000014,4.94399999999996,4.02800000000002,3.1129999999999995,7.415999999999997,12.81800000000004,5.034999999999968,2.562999999999988,9.247000000000014,10.803999999999974,7.966000000000008,6.592000000000041,5.036000000000001,3.2040000000000077,1.6480000000000246,8.698000000000036,18.12700000000001,15.564000000000021,372.58,385.947,398.215,365.896,380.728,413.962,6.294500000000028
83,0.32857,0.549000000000035,0.0,10.802999999999997,8.149000000000001,3.6619999999999777,3.2040000000000077,2.1970000000000027,6.775000000000034,12.269000000000005,5.400999999999954,2.562999999999988,9.063000000000045,10.986999999999966,7.691000000000031,6.775000000000034,3.6620000000000346,1.281000000000006,0.45699999999999363,9.797000000000025,19.043000000000006,15.930000000000007,372.213,385.763,398.306,365.713,380.636,414.786,7.278500000000008
84,0.338552,0.09100000000000819,0.27499999999997726,10.253999999999962,7.691000000000031,3.1129999999999995,2.930000000000007,1.8309999999999604,6.8659999999999854,12.360000000000014,6.31699999999995,3.2040000000000077,9.338000000000022,11.718999999999994,7.782000000000039,7.324999999999989,3.1129999999999995,0.36599999999998545,0.0,11.170000000000016,20.325000000000045,16.846000000000004,372.213,385.855,398.856,365.988,380.911,415.885,8.583300000000008
85,0.348534,0.0,0.9159999999999968,10.436999999999955,7.782000000000039,3.1129999999999995,3.1129999999999995,2.013999999999953,7.415999999999997,12.908999999999992,7.415999999999997,4.211000000000013,10.162000000000035,12.725999999999999,8.424000000000035,8.423000000000002,2.930000000000007,0.0,0.09100000000000819,12.725999999999999,21.88100000000003,18.127999999999986,372.671,386.587,399.771,366.628,381.369,417.166,10.345500000000015
86,0.358516,0.45699999999999363,1.738999999999976,10.98599999999999,8.240000000000009,3.478999999999985,3.6619999999999777,2.5639999999999645,8.148000000000025,13.824999999999989,8.696999999999946,5.492999999999995,11.261000000000024,13.915999999999997,9.43100000000004,9.795999999999992,3.3880000000000337,0.2740000000000009,0.45699999999999363,14.466000000000008,23.621000000000038,19.591999999999985,373.587,387.411,400.961,367.544,382.284,418.723,12.497299999999996
87,0.368499,1.1899999999999977,2.8379999999999654,11.718999999999994,8.973000000000013,4.1200000000000045,4.302999999999997,3.478999999999985,9.062999999999988,14.924000000000035,10.161999999999978,6.774999999999977,12.543000000000006,15.563999999999965,10.711999999999989,11.536000000000001,3.937000000000012,0.9149999999999636,1.0980000000000132,16.480000000000018,25.451999999999998,21.331999999999994,374.594,388.418,402.243,368.551,383.291,420.279,14.854800000000012
88,0.378481,1.9220000000000255,4.028999999999996,12.633999999999958,9.888000000000034,4.94399999999996,5.1270000000000095,4.5779999999999745,10.162000000000035,16.38900000000001,11.810000000000002,8.331000000000017,14.099000000000046,17.303999999999974,12.177000000000021,13.550000000000011,4.761000000000024,1.8309999999999604,1.8310000000000173,18.494000000000028,27.374000000000024,23.254999999999995,375.875,389.7,403.708,369.833,384.482,422.293,17.509500000000003
89,0.388463,2.930000000000007,5.401999999999987,14.007999999999981,11.261000000000024,5.950999999999965,6.317000000000007,5.950999999999965,11.62700000000001,17.854000000000042,13.640999999999963,10.254000000000019,16.022000000000048,19.317999999999984,13.91700000000003,15.747000000000014,5.951000000000022,2.9289999999999736,2.8380000000000223,20.875,29.480000000000018,25.543000000000006,377.523,391.257,405.539,371.389,385.855,424.216,20.531000000000006
90,0.398445,4.1200000000000045,6.683999999999969,15.289999999999964,12.725999999999999,7.233000000000004,7.324000000000012,7.507000000000005,13.275000000000034,19.685000000000002,15.746999999999957,12.360000000000014,18.036,21.698999999999955,15.838999999999999,18.218999999999994,7.050000000000011,4.1200000000000045,3.8450000000000273,23.438000000000045,31.861000000000047,28.107000000000028,379.263,392.905,407.462,372.946,387.503,426.413,23.849800000000016
91,0.408428,5.218000000000018,8.05699999999996,16.47999999999996,14.191000000000031,8.514999999999986,8.605999999999995,9.246999999999957,14.831000000000017,21.51600000000002,17.852999999999952,14.466000000000008,20.325000000000045,24.170999999999992,17.853999999999985,20.966000000000008,8.331000000000017,5.4010000000000105,4.759999999999991,26.27600000000001,34.33200000000005,30.670999999999992,381.002,394.644,409.567,374.685,389.059,428.611,27.23750000000001
92,0.41841,6.317000000000007,9.430000000000007,17.66999999999996,15.748000000000047,9.887999999999977,9.887999999999977,11.169999999999959,16.66300000000001,23.437999999999988,20.140999999999963,16.846000000000004,22.70500000000004,26.550999999999988,19.959000000000003,23.80400000000003,9.521999999999991,6.774999999999977,5.859000000000037,29.297000000000025,37.07900000000001,33.60000000000002,383.2,396.567,411.765,376.608,390.799,431.083,30.716499999999996
93,0.428392,7.415999999999997,10.528999999999996,19.13499999999999,17.396000000000015,11.44399999999996,11.260999999999967,13.274999999999977,18.76800000000003,25.727000000000032,22.52199999999999,19.408999999999992,25.360000000000014,29.388999999999953,22.523000000000025,27.009000000000015,10.802999999999997,8.055999999999983,6.958000000000027,32.50200000000001,40.009000000000015,36.53000000000003,385.489,398.764,414.237,378.714,392.721,433.555,34.287000000000035
94,0.438374,8.51400000000001,11.810999999999979,20.233000000000004,19.227000000000032,13.091999999999985,12.725999999999999,15.472999999999956,20.966000000000008,28.107000000000028,24.901999999999987,22.156000000000006,28.198000000000036,32.226999999999975,25.086000000000013,30.121000000000038,11.994000000000028,9.246999999999957,7.8729999999999905,35.61500000000001,42.93900000000002,39.73399999999998,387.961,400.961,416.617,380.911,394.644,436.027,37.537000000000035
95,0.448357,9.613,12.817999999999984,21.514999999999986,21.149,14.923999999999978,14.281999999999982,17.852999999999952,23.25400000000002,30.579000000000008,27.373999999999967,24.81099999999998,31.037000000000035,34.97399999999999,27.557999999999993,33.23400000000004,13.184000000000026,10.436999999999955,8.788999999999987,38.545000000000016,45.867999999999995,42.66399999999999,390.341,403.342,419.089,383.2,396.841,438.498,40.62700000000001
96,0.458339,10.437000000000012,13.824999999999989,22.704999999999984,23.254999999999995,16.937999999999988,15.930000000000007,20.416999999999973,25.726,33.235000000000014,29.47999999999996,27.466000000000008,33.96600000000001,37.62899999999996,30.213000000000022,36.254999999999995,14.191000000000031,11.536000000000001,9.704000000000008,41.291,48.432000000000016,45.411,392.905,405.539,421.469,385.58,399.039,440.787,43.30500000000001
97,0.468321,11.352000000000032,14.740000000000009,23.986999999999966,25.451999999999998,19.13499999999999,17.85300000000001,22.888999999999953,28.198000000000036,36.073000000000036,31.49399999999997,29.937999999999988,36.62100000000004,40.101,32.685,39.277000000000044,15.198000000000036,12.633999999999958,10.52800000000002,43.672000000000025,50.81200000000001,47.97399999999999,395.285,407.736,423.484,388.235,401.236,442.985,45.75400000000002
98,0.478303,12.268000000000029,15.563999999999965,25.269000000000005,28.107000000000028,21.699000000000012,19.86700000000002,25.359999999999957,30.579000000000008,38.81900000000002,33.41699999999997,32.31900000000002,39.27600000000001,42.389999999999986,35.06600000000003,41.932000000000016,16.114000000000033,13.549999999999955,11.352000000000032,45.86900000000003,53.101,50.263000000000034,397.574,409.75,425.498,390.616,403.433,444.999,47.722500000000025
99,0.488286,12.908999999999992,16.387999999999977,26.459000000000003,30.762,24.353999999999985,22.063999999999965,27.649,32.867999999999995,41.47399999999999,35.15599999999995,34.33300000000003,41.565,44.12899999999996,37.17099999999999,44.12900000000002,16.938000000000045,14.464999999999975,12.175999999999988,47.79200000000003,54.84000000000003,52.36900000000003,399.588,411.398,427.146,392.905,405.356,446.647,49.1875
100,0.498268,13.64100000000002,17.21199999999999,28.014999999999986,33.601,27.375,24.262,29.754999999999995,34.882000000000005,44.03800000000001,36.52999999999997,35.980999999999995,43.58000000000004,45.593999999999994,39.00200000000001,45.960000000000036,17.670000000000016,15.288999999999987,13.0,49.16500000000002,56.30500000000001,53.92500000000001,401.328,412.863,428.519,395.102,407.279,448.02,50.24000000000001
101,0.50825,14.557000000000016,18.31099999999998,29.937999999999988,36.89700000000005,30.488,26.82499999999999,31.677999999999997,36.896000000000015,46.50999999999999,37.71999999999997,37.53699999999998,45.50200000000001,46.875999999999976,40.65100000000001,47.69999999999999,18.586000000000013,16.204999999999984,13.824000000000012,50.35500000000002,57.587000000000046,55.29899999999998,402.884,414.053,429.618,397.116,408.926,449.119,50.97280000000001
102,0.518232,15.381000000000029,19.68399999999997,32.31899999999996,40.101,33.601,29.204999999999984,33.23399999999998,38.54399999999998,48.799000000000035,38.63599999999997,38.911,47.059000000000026,47.791,42.11500000000001,49.073000000000036,19.501000000000033,17.21199999999999,15.198000000000036,51.08800000000002,58.32000000000005,56.30599999999998,404.166,415.061,430.442,398.856,410.3,450.034,51.315800000000024
103,0.528215,16.388000000000034,21.423999999999978,35.52299999999997,43.30500000000001,36.89599999999996,31.49399999999997,34.608000000000004,39.91700000000003,50.81299999999999,39.367999999999995,39.82600000000002,48.34000000000003,48.34099999999995,43.12299999999999,49.98900000000003,20.508000000000038,18.401999999999987,16.846000000000004,51.45400000000001,58.96100000000001,56.85500000000002,404.99,415.793,430.9,400.412,411.582,450.767,51.31600000000003
104,0.538197,17.85300000000001,23.895999999999958,39.64299999999997,46.327,39.918000000000006,33.69200000000001,35.70599999999996,41.10700000000003,52.73599999999999,39.825999999999965,40.64999999999998,49.43900000000002,48.706999999999994,43.947,50.446000000000026,22.064999999999998,19.95799999999997,18.951000000000022,51.45400000000001,59.05200000000002,57.31299999999999,405.814,416.251,431.266,401.511,412.497,451.225,51.041300000000035
105,0.548179,19.775000000000034,27.008999999999958,44.952999999999975,49.25600000000003,42.66399999999999,35.70600000000002,36.62199999999996,42.11400000000003,54.384000000000015,40.00899999999996,41.19900000000001,50.08000000000004,48.706999999999994,44.58699999999999,50.81299999999999,24.079000000000008,22.246999999999957,21.788999999999987,51.271000000000015,59.05200000000002,57.403999999999996,406.271,416.434,431.357,402.792,413.321,451.591,50.56049999999999
106,0.558161,22.06400000000002,30.670999999999992,51.178999999999974,52.00300000000004,45.22800000000001,37.62900000000002,37.17099999999999,42.66399999999999,55.757000000000005,40.099999999999966,41.47399999999999,50.721000000000004,48.523999999999944,44.86200000000002,50.81299999999999,26.825000000000045,25.08499999999998,25.360000000000014,50.813000000000045,58.777000000000044,57.31299999999999,406.546,416.342,431.357,403.525,413.962,451.682,49.874000000000024
107,0.568144,24.901999999999987,34.791,57.95400000000001,54.10900000000004,47.15100000000001,39.00200000000001,37.44599999999997,42.84700000000004,56.85500000000002,39.73399999999998,41.47399999999999,50.81200000000001,47.974999999999966,44.86200000000002,50.53800000000001,30.121000000000038,28.472999999999956,29.297000000000025,50.26400000000001,58.32000000000005,56.85500000000002,406.546,416.159,430.9,404.166,414.42,451.591,49.027300000000025
108,0.578126,28.198000000000036,38.911,65.09499999999997,55.66500000000002,48.524,40.009000000000015,37.353999999999985,42.754999999999995,57.58800000000002,39.275999999999954,41.19900000000001,50.62900000000002,47.150999999999954,44.67900000000003,49.80500000000001,34.150000000000034,32.40999999999997,33.60000000000002,49.44,57.587000000000046,56.30599999999998,406.363,415.702,430.35,404.532,414.603,451.591,48.0428
109,0.588108,31.769000000000005,43.02999999999997,71.96099999999996,56.672000000000025,49.438999999999965,40.55799999999999,37.17099999999999,42.20600000000002,58.04599999999999,38.54399999999998,40.64999999999998,50.17099999999999,46.23499999999996,44.221000000000004,48.98200000000003,38.36099999999999,36.803999999999974,37.90300000000002,48.524,56.85500000000002,55.57299999999998,405.997,414.969,429.618,404.898,414.786,451.316,47.08179999999999
110,0.59809,35.523000000000025,46.692999999999984,78.46199999999999,56.947,49.62299999999999,40.740999999999985,36.62199999999996,41.65699999999998,58.22900000000004,38.085999999999956,40.101,49.622000000000014,45.13599999999997,43.48900000000003,48.06600000000003,42.664000000000044,41.108000000000004,41.932000000000016,47.79200000000003,56.122000000000014,54.749000000000024,405.447,414.237,428.885,404.99,414.786,450.95,46.166499999999985
111,0.608073,38.81900000000002,49.714,84.04699999999997,56.85500000000002,49.25599999999997,41.01600000000002,36.16399999999999,40.83300000000003,58.22900000000004,37.53699999999998,39.27699999999999,48.70600000000002,44.12899999999996,42.573000000000036,47.059000000000026,46.87600000000003,45.22800000000001,45.31900000000002,46.96700000000004,55.573000000000036,54.108000000000004,404.807,413.413,427.97,404.99,414.695,450.675,45.36500000000001
112,0.618055,41.65700000000004,51.911,88.99000000000001,56.398000000000025,48.79899999999998,41.382000000000005,35.61499999999995,40.375,58.31999999999999,37.07899999999995,38.726999999999975,47.974000000000046,43.12199999999996,41.749000000000024,46.14300000000003,50.263000000000034,48.889999999999986,48.34000000000003,46.418000000000006,55.11500000000001,53.466999999999985,404.166,412.589,427.237,404.898,414.42,450.309,44.77000000000004
113,0.628037,43.85400000000004,53.101999999999975,92.83599999999996,56.21500000000003,48.889999999999986,41.93099999999998,35.339999999999975,40.10000000000002,58.50300000000004,36.89599999999996,38.36099999999999,47.608000000000004,42.389999999999986,41.108000000000004,45.686000000000035,53.00999999999999,51.72800000000001,50.721000000000004,46.235000000000014,54.84000000000003,53.101,403.525,411.856,426.505,404.807,414.237,450.309,44.4495
114,0.638019,45.410000000000025,53.55899999999997,95.582,56.58100000000002,49.438999999999965,42.66399999999999,34.97399999999999,39.82600000000002,58.77800000000002,36.803999999999974,37.995000000000005,47.42500000000001,41.93199999999996,40.74200000000002,45.411,54.84100000000001,53.74199999999996,52.36900000000003,46.327,54.84000000000003,52.918000000000006,402.976,411.215,425.956,404.807,414.145,450.217,44.47230000000002
115,0.648002,46.14300000000003,53.375999999999976,96.95599999999996,57.129999999999995,49.988999999999976,43.396000000000015,34.51599999999996,39.55099999999999,59.053,36.62099999999998,37.72000000000003,46.96700000000004,41.47399999999999,40.46800000000002,45.22800000000001,55.66500000000002,54.84100000000001,53.101,46.50999999999999,55.11500000000001,52.827,402.426,410.574,425.589,404.807,413.87,450.309,44.7013
116,0.657984,46.14300000000003,52.918000000000006,97.13900000000001,57.49600000000004,50.447,43.94599999999997,34.14999999999998,39.367999999999995,59.23599999999999,36.62099999999998,37.62900000000002,46.875,41.10799999999995,40.46800000000002,45.31900000000002,55.84800000000001,54.93199999999996,52.918000000000006,47.24200000000002,55.664000000000044,53.192999999999984,402.243,410.208,425.406,404.807,413.687,450.492,45.25080000000003
117,0.667966,45.960000000000036,52.644000000000005,96.03999999999996,57.58800000000002,50.629999999999995,44.21999999999997,33.875,39.185,59.60200000000003,36.712999999999965,37.72000000000003,46.78400000000005,41.19999999999999,40.46800000000002,45.593999999999994,55.94,54.108000000000004,52.00200000000001,48.249000000000024,56.488,53.834,402.243,410.208,425.406,405.173,413.687,450.95,46.18900000000002
118,0.677948,45.50200000000001,52.18599999999998,94.02599999999995,57.49600000000004,50.53800000000001,44.40300000000002,33.69199999999995,39.00200000000001,59.96800000000002,36.986999999999966,37.90300000000002,46.875,41.291,40.74200000000002,46.14300000000003,55.84800000000001,52.64299999999997,50.721000000000004,49.34800000000001,57.67900000000003,54.749000000000024,402.335,410.3,425.864,405.539,413.962,451.591,47.333500000000015
119,0.687931,45.22700000000003,51.637,91.279,57.039000000000044,50.17199999999997,44.678,33.69199999999995,38.910000000000025,60.42599999999999,37.44499999999999,38.178,47.24200000000002,41.65699999999998,41.291,46.87600000000003,55.94,50.721000000000004,48.980999999999995,50.721000000000004,58.96100000000001,55.84800000000001,402.701,410.574,426.322,406.088,414.053,452.415,48.68380000000002
120,0.697913,44.86099999999999,50.99599999999998,88.62399999999997,56.398000000000025,49.80599999999998,44.86099999999999,33.69199999999995,39.00200000000001,61.06700000000001,38.085999999999956,38.726999999999975,47.791,42.11499999999995,41.84100000000001,47.88300000000004,55.75600000000003,48.980999999999995,47.608000000000004,52.36900000000003,60.42500000000001,57.31299999999999,403.25,411.124,427.054,406.821,414.603,453.422,50.263300000000015
121,0.707895,44.40300000000002,50.35499999999996,85.786,55.84800000000001,49.438999999999965,45.04399999999998,34.14999999999998,39.27600000000001,61.98200000000003,39.00199999999995,39.55099999999999,48.432000000000016,42.847999999999956,42.66500000000002,49.073000000000036,55.206999999999994,47.24199999999996,46.23400000000004,54.10900000000004,61.98200000000003,58.77800000000002,404.074,411.856,427.97,407.736,415.244,454.612,51.934000000000026
122,0.717877,43.763000000000034,49.988999999999976,82.94799999999998,55.39100000000002,49.25599999999997,45.593999999999994,34.791,39.82600000000002,63.08100000000002,39.91699999999997,40.559000000000026,49.622000000000014,43.579999999999984,43.672000000000025,50.53800000000001,54.93299999999999,45.593999999999994,44.678,55.94,63.721000000000004,60.516999999999996,405.173,412.863,429.068,408.835,416.068,455.894,53.71930000000003
123,0.72786,43.122000000000014,49.89699999999999,80.293,55.299000000000035,49.164999999999964,46.14299999999997,35.52299999999997,40.55799999999999,64.363,41.10699999999997,41.565999999999974,50.721000000000004,44.58699999999999,44.771000000000015,52.093999999999994,54.47500000000002,43.94599999999997,43.21300000000002,57.67900000000003,65.27800000000002,62.16500000000002,406.18,413.87,430.167,410.025,416.983,457.359,55.34430000000003
124,0.737842,42.38900000000001,50.17199999999997,78.096,55.39100000000002,49.438999999999965,46.966999999999985,36.438999999999965,41.382000000000005,65.82800000000003,42.20599999999996,42.84699999999998,52.00200000000001,45.410999999999945,45.96100000000001,53.65100000000001,54.56600000000003,42.38900000000001,41.932000000000016,59.50999999999999,67.017,63.99599999999998,407.37,414.969,431.357,411.49,417.99,458.823,56.946500000000015
125,0.747824,42.298,50.721000000000004,76.44799999999998,55.94,49.988999999999976,48.24899999999997,37.53699999999998,42.38900000000001,67.476,43.57899999999995,44.221000000000004,53.46700000000004,46.327,47.24200000000002,55.299000000000035,54.84100000000001,41.108000000000004,40.924000000000035,61.25,68.66500000000002,65.827,408.743,416.159,432.639,412.955,419.272,460.471,58.3655
126,0.757806,42.11500000000001,51.72800000000001,75.62399999999997,57.039000000000044,50.903999999999996,49.80500000000001,38.90999999999997,43.762,69.30700000000002,44.952999999999975,45.685,55.024,47.24199999999996,48.615999999999985,57.03800000000001,55.48200000000003,40.28299999999996,40.10000000000002,62.80600000000004,70.13,67.75,410.208,417.35,433.921,414.695,420.554,462.211,59.71600000000001
127,0.767789,42.480999999999995,53.101999999999975,75.166,58.412000000000035,52.18599999999998,51.452999999999975,40.28399999999999,45.136000000000024,71.22900000000004,46.41799999999995,47.24200000000002,56.58000000000004,48.15799999999996,49.89699999999999,58.77800000000002,56.39699999999999,39.825999999999965,39.73400000000004,64.363,71.59500000000003,69.48900000000003,411.582,418.54,435.111,416.526,422.019,464.042,60.494500000000016
128,0.777771,42.93900000000002,54.84100000000001,75.257,60.426000000000045,53.74199999999996,53.64999999999998,41.93199999999996,46.78399999999999,73.51800000000003,47.88199999999995,48.706999999999994,58.31900000000002,48.889999999999986,51.36200000000002,60.334,57.58800000000002,39.825999999999965,39.82600000000002,65.82800000000003,72.87700000000001,71.22899999999998,412.955,419.822,436.484,418.448,423.575,465.782,60.700500000000034
129,0.787753,43.57900000000001,56.85499999999996,75.99000000000001,62.62300000000005,55.664999999999964,56.031000000000006,43.67099999999999,48.432000000000016,75.80700000000002,49.438999999999965,50.35500000000002,60.15100000000001,49.714,52.644000000000005,62.07400000000001,59.327,40.19200000000001,40.19200000000001,67.10900000000004,74.15900000000005,72.96800000000002,414.42,421.012,437.675,420.371,425.223,467.613,60.56299999999999
130,0.797735,44.77000000000004,59.327,77.27199999999999,65.27800000000002,57.77099999999996,58.68599999999998,45.50199999999995,50.17099999999999,78.279,50.99499999999995,51.81999999999999,61.89000000000004,50.35499999999996,54.016999999999996,63.72200000000004,61.34100000000001,41.01599999999996,41.01600000000002,68.483,75.44,74.61700000000002,415.885,422.202,438.956,422.385,426.871,469.535,60.33430000000004
131,0.807718,46.05099999999999,61.89099999999996,79.01099999999997,67.93400000000003,60.06,61.34100000000001,47.24199999999996,51.911,80.66000000000003,52.367999999999995,53.46800000000002,63.447,50.903999999999996,55.20800000000003,65.09500000000003,63.539000000000044,42.11500000000001,42.023000000000025,69.58100000000002,76.447,76.08100000000002,417.258,423.209,440.055,424.308,428.519,471.366,60.03649999999999
132,0.8177,47.51600000000002,64.637,81.20799999999997,70.77200000000005,62.44,64.27100000000002,49.07299999999998,53.650000000000034,83.22300000000001,53.74199999999996,54.84100000000001,65.00300000000004,51.361999999999966,56.398000000000025,66.37700000000001,66.10200000000003,43.579999999999984,43.396000000000015,70.58800000000002,77.363,77.54599999999999,418.448,424.216,440.97,426.413,430.259,473.106,59.876300000000015
133,0.827682,49.25600000000003,67.65899999999999,83.863,73.70100000000002,65.00399999999996,67.20099999999996,50.81299999999999,55.389999999999986,85.78700000000003,55.024,56.30599999999998,66.65100000000001,51.72799999999995,57.497000000000014,67.84200000000004,68.84899999999999,45.411,45.136000000000024,71.68700000000001,78.37,78.82800000000003,419.73,425.132,442.069,428.519,431.907,474.754,59.78450000000004
134,0.837664,51.27000000000004,70.58799999999997,86.702,76.63100000000003,67.56699999999995,70.13,52.551999999999964,57.03800000000001,88.25900000000001,56.214,57.678999999999974,68.11600000000004,52.09499999999997,58.50400000000002,69.03200000000004,71.96199999999999,47.698999999999955,47.150000000000034,72.69400000000002,79.37700000000001,80.11000000000001,421.012,426.047,442.985,430.35,433.646,476.402,59.807799999999986
135,0.847647,53.28399999999999,73.60999999999996,89.906,79.286,69.85599999999994,72.96800000000002,54.016999999999996,58.502999999999986,90.45600000000002,57.403999999999996,58.86899999999997,69.48900000000003,52.18599999999998,59.511000000000024,70.13100000000003,75.07400000000001,49.80500000000001,49.16399999999999,73.61000000000001,80.293,81.30000000000001,422.11,426.871,443.9,432.364,435.294,477.867,59.71629999999999
136,0.857629,55.298,76.44799999999998,93.019,81.94100000000003,72.23599999999993,75.53199999999998,55.48199999999997,59.78399999999999,92.745,58.593999999999994,60.059000000000026,70.67900000000003,52.18599999999998,60.51800000000003,71.22900000000004,78.18700000000001,52.18599999999998,51.36099999999999,74.70800000000003,81.20800000000003,82.30700000000002,423.117,427.603,444.724,434.104,436.851,479.423,59.761799999999994
137,0.867611,57.49600000000004,79.19399999999996,96.132,84.41300000000001,74.43400000000003,78.18700000000001,56.76399999999995,61.158000000000015,94.851,59.692999999999984,61.06700000000001,71.96100000000001,52.36899999999997,61.70800000000003,72.32800000000003,81.392,54.65699999999998,53.650000000000034,75.80700000000002,82.21500000000003,83.31400000000002,424.124,428.519,445.64,435.935,438.407,480.797,59.89930000000004
138,0.877593,59.601,81.666,99.15299999999996,86.61100000000005,76.53899999999993,80.65899999999999,57.95399999999995,62.25600000000003,96.77300000000002,60.88299999999998,62.07400000000001,73.06,52.36899999999997,62.807000000000016,73.42700000000002,84.505,57.129999999999995,55.93900000000002,77.089,83.31400000000002,84.41300000000001,425.04,429.343,446.464,437.583,439.872,482.17,60.127999999999986
139,0.887576,61.524,83.86399999999998,101.89999999999998,88.53300000000002,78.27899999999994,82.673,58.960999999999956,63.079999999999984,98.60400000000004,61.889999999999986,63.172000000000025,74.06700000000001,52.551999999999964,63.81400000000002,74.52500000000003,87.43400000000003,59.418000000000006,58.045000000000016,78.279,84.50400000000002,85.42000000000002,426.047,430.076,447.288,439.322,441.245,483.452,60.44830000000002
140,0.897558,63.447,85.786,104.46299999999997,90.09000000000003,79.74399999999997,84.596,59.78499999999997,63.90500000000003,100.25200000000001,62.988999999999976,64.17899999999997,75.166,52.64399999999995,65.09500000000003,75.80700000000002,90.089,61.524,60.059000000000026,79.56100000000004,85.60300000000001,86.33499999999998,427.054,430.991,448.203,440.787,442.527,484.642,60.837800000000016
141,0.90754,65.18600000000004,87.52600000000001,106.56899999999996,91.28000000000003,81.02600000000001,86.15199999999999,60.60899999999998,64.54500000000002,101.80900000000003,64.08699999999999,65.18599999999998,76.26400000000001,52.827,66.286,76.99700000000001,92.745,63.537999999999954,61.98200000000003,80.93400000000003,86.793,87.52600000000001,427.878,431.907,449.119,442.344,443.717,485.832,61.34129999999999
142,0.917522,66.743,88.899,108.49199999999996,92.28700000000003,82.12399999999997,87.52499999999998,61.34099999999995,65.09500000000003,103.18200000000002,65.36899999999997,66.19400000000002,77.45400000000001,53.101999999999975,67.65899999999999,78.279,94.94200000000001,65.27799999999996,63.629999999999995,82.21600000000001,88.07500000000005,88.62400000000002,429.068,432.822,450.217,443.809,444.999,487.022,61.91329999999999
143,0.927504,68.024,90.089,109.95599999999996,92.928,83.22300000000001,88.71600000000001,61.89099999999996,65.73599999999999,104.555,66.65099999999995,67.29199999999997,78.553,53.375999999999976,68.84899999999999,79.56100000000004,96.86400000000003,66.834,65.00299999999999,83.68100000000004,89.44800000000004,89.815,429.984,433.829,451.225,445.182,446.189,488.304,62.55430000000001
144,0.937487,69.21500000000003,91.005,111.238,93.47700000000003,84.32199999999995,89.63099999999997,62.44,66.28500000000003,105.83699999999999,67.75,68.57400000000001,79.83500000000004,53.742999999999995,70.13100000000003,80.93400000000003,98.42099999999999,68.207,66.19299999999998,85.05400000000003,90.73000000000002,91.096,431.083,434.745,452.232,446.738,447.196,489.494,63.14949999999999
145,0.947469,70.22200000000004,91.82900000000001,112.33699999999999,94.118,85.512,90.73000000000002,63.17199999999997,66.834,107.11900000000003,69.03099999999995,69.76400000000001,81.11700000000002,54.29199999999997,71.50400000000002,82.399,99.79400000000004,69.39799999999997,67.29200000000003,86.519,92.10300000000001,92.47000000000003,432.273,435.843,453.422,448.295,448.386,490.867,63.83600000000001
146,0.957452,71.22900000000004,92.74399999999997,113.344,94.57600000000002,86.70199999999994,91.73699999999997,63.90499999999997,67.47500000000002,108.49200000000002,70.40499999999997,70.95499999999998,82.39800000000002,54.84099999999995,72.87799999999999,83.77199999999999,101.07600000000002,70.40499999999997,68.207,87.98400000000004,93.38500000000005,93.75100000000003,433.372,436.942,454.52,449.76,449.668,492.241,64.56880000000001
147,0.967434,72.144,93.38499999999999,114.25899999999996,95.21700000000004,87.892,92.65199999999999,64.54599999999999,68.11599999999999,109.774,71.59499999999997,72.14499999999998,83.77200000000005,55.39099999999996,74.25100000000003,85.14500000000004,102.08300000000003,71.137,69.031,89.35700000000003,94.66700000000003,95.03300000000002,434.47,437.858,455.619,451.408,450.767,493.523,65.20930000000004
148,0.977416,72.87700000000001,94.118,114.99199999999996,95.67400000000004,89.17400000000004,93.65999999999997,65.18699999999995,68.94,110.964,72.87699999999995,73.33499999999998,85.14500000000004,55.94,75.53300000000002,86.519,102.90700000000004,71.96099999999996,69.76400000000001,90.73000000000002,95.94800000000004,96.315,435.569,438.956,456.718,452.964,452.049,494.713,65.8503
149,0.987398,73.79200000000003,94.75899999999996,115.81599999999997,96.40700000000004,90.54699999999997,94.57499999999999,65.91899999999998,69.67200000000003,112.33699999999999,74.25,74.52499999999998,86.51800000000003,56.488999999999976,76.906,87.98400000000004,103.91400000000004,72.69399999999996,70.58800000000002,92.195,97.322,97.78000000000003,436.851,440.055,457.816,454.52,453.239,496.178,66.60579999999999
150,0.99738,74.52500000000003,95.399,116.548,97.048,91.92000000000002,95.49099999999999,66.65099999999995,70.49599999999998,113.61900000000003,75.62299999999999,75.89800000000002,87.983,57.31299999999999,78.279,89.35700000000003,104.64600000000002,73.42599999999999,71.32,93.47700000000003,98.60300000000001,99.06099999999998,437.949,441.154,459.007,456.168,454.429,497.459,67.4065
151,1.00736,75.166,95.94899999999996,117.18899999999996,97.78000000000003,93.38499999999993,96.406,67.38399999999996,71.137,114.90100000000001,76.99699999999996,77.18,89.356,57.861999999999966,79.65300000000002,90.91300000000001,105.56200000000001,74.06700000000001,71.96100000000001,94.94200000000001,99.88500000000005,100.435,438.956,442.161,460.197,457.725,455.528,498.833,68.29950000000002
152,1.01734,76.08100000000002,96.58999999999997,117.92199999999997,98.51300000000003,94.94199999999995,97.41300000000001,68.02499999999998,71.87,116.18299999999999,78.27799999999996,78.46199999999999,90.73000000000002,58.68599999999998,81.11700000000002,92.37800000000004,106.29400000000004,74.61599999999999,72.41899999999998,96.22399999999999,101.25800000000004,101.80799999999999,440.238,443.168,461.387,459.373,456.809,500.114,69.238
153,1.02733,76.90500000000003,97.231,118.92899999999997,99.33700000000005,96.49799999999999,98.32900000000001,68.757,72.69400000000002,117.37299999999999,79.743,79.74399999999997,92.286,59.50999999999999,82.49099999999999,93.93500000000006,107.21000000000004,75.257,73.15100000000001,97.78000000000003,102.54000000000002,103.18099999999998,441.428,444.175,462.669,461.204,457.999,501.579,70.26800000000003
154,1.03731,77.72900000000004,98.055,120.02699999999999,100.25200000000001,98.14600000000002,99.24399999999997,69.48999999999995,73.42599999999999,118.74600000000004,81.29999999999995,81.20800000000003,93.84300000000002,60.516999999999996,84.13900000000001,95.49099999999999,108.21700000000004,75.89799999999997,73.97500000000002,99.33699999999999,104.005,104.738,442.71,445.365,464.042,463.127,459.373,503.136,71.50380000000001
155,1.04729,78.64500000000004,98.87899999999996,121.12599999999998,101.168,99.88600000000002,100.15999999999997,70.22199999999998,74.15800000000002,119.93600000000004,82.856,82.582,95.399,61.43299999999999,85.60300000000001,97.04700000000003,109.13300000000004,76.72199999999998,74.61599999999999,100.80100000000004,105.28700000000003,106.20300000000003,443.809,446.464,465.232,464.866,460.654,504.601,72.7398
156,1.05727,79.469,99.88599999999997,122.49899999999997,102.08300000000003,101.62499999999994,101.25900000000001,70.863,74.70800000000003,121.31,84.32099999999997,83.95499999999998,96.77200000000005,62.44,87.16000000000003,98.78700000000003,110.41400000000004,77.45499999999998,75.34899999999999,102.26600000000002,106.75200000000001,107.668,445.09,447.562,466.514,466.88,461.936,506.157,74.1128
157,1.06726,80.56700000000001,100.89299999999997,123.87299999999999,103.18200000000002,103.54799999999994,102.26600000000002,71.59499999999997,75.53199999999998,122.59100000000001,85.87699999999995,85.32900000000001,98.512,63.446999999999946,88.71699999999998,100.43500000000006,111.60500000000002,78.279,76.26400000000001,103.91400000000004,108.21700000000004,109.22399999999999,446.372,448.661,467.887,468.986,463.31,507.897,75.69229999999999
158,1.07724,81.75800000000004,102.17499999999995,125.52099999999996,104.37200000000001,105.65399999999994,103.36399999999998,72.41899999999998,76.447,123.96500000000003,87.43399999999997,86.976,100.16000000000003,64.63799999999998,90.36400000000003,102.17500000000007,113.06900000000007,79.37700000000001,77.363,105.654,109.77300000000002,110.87200000000001,447.654,449.943,469.169,471.092,464.866,509.728,77.40899999999999
159,1.08722,82.856,103.45599999999996,127.25999999999999,105.654,107.75899999999996,104.46299999999997,73.243,77.363,125.33800000000002,89.26499999999999,88.44099999999997,101.899,65.91899999999998,92.10399999999998,103.91399999999999,114.44299999999998,80.38399999999996,78.553,107.30200000000002,111.32900000000001,112.428,449.027,450.95,470.542,473.197,466.331,511.467,79.24029999999999
160,1.0972,84.13800000000003,104.82999999999998,129.0,107.02700000000004,109.86499999999995,105.65300000000002,74.15899999999999,78.18700000000001,126.89500000000004,90.91299999999995,90.089,103.54700000000003,67.20099999999996,93.75200000000001,105.83699999999999,115.99900000000002,81.483,79.743,108.94999999999999,112.79400000000004,114.07600000000002,450.217,452.232,472.007,475.486,467.887,513.481,81.231
161,1.10719,85.51100000000002,106.29399999999998,131.014,108.58300000000003,112.15399999999994,106.935,75.07399999999996,79.286,128.63400000000001,92.74399999999997,91.82900000000001,105.37800000000004,68.57399999999996,95.58300000000003,107.75900000000001,117.83000000000004,82.76499999999999,80.93299999999999,110.964,114.53400000000005,115.81600000000003,451.774,453.605,473.655,477.958,469.444,515.496,83.38300000000004
162,1.11717,86.88499999999999,108.03399999999999,133.12,110.231,114.62600000000003,108.21699999999998,76.26399999999995,80.38400000000001,130.28200000000004,94.57499999999999,93.56799999999998,107.30100000000004,70.03899999999999,97.322,109.77300000000002,119.75300000000004,84.13799999999998,82.30700000000002,112.887,116.27300000000002,117.64699999999999,453.147,454.887,475.212,480.43,471.275,517.601,85.71750000000003
163,1.12715,88.44100000000003,109.77299999999997,135.22500000000002,111.78800000000001,117.09800000000001,109.49799999999999,77.27199999999999,81.39100000000002,132.11300000000006,96.49799999999999,95.399,109.22400000000005,71.59599999999995,99.428,111.78800000000001,121.58400000000006,85.41999999999996,83.68,114.80900000000003,118.01300000000003,119.47800000000001,454.52,456.352,476.86,483.177,472.923,519.89,88.18950000000001
164,1.13713,89.99700000000001,111.42099999999999,137.33100000000002,113.43600000000004,119.661,110.96299999999997,78.55399999999997,82.76499999999999,134.03600000000006,98.41999999999996,97.322,111.32900000000001,73.42699999999996,101.351,113.98500000000001,123.69000000000005,86.88399999999996,85.14500000000004,116.82300000000004,119.93600000000004,121.40100000000001,456.168,457.816,478.508,485.832,474.937,521.996,90.8218
165,1.14711,91.73700000000002,113.344,139.712,115.35900000000004,122.31599999999997,112.428,79.83499999999998,84.13800000000003,136.05000000000007,100.618,99.245,113.344,75.25799999999998,103.457,116.274,125.88700000000006,88.44099999999997,86.61000000000001,118.92900000000003,121.95000000000005,123.50600000000003,457.725,459.373,480.156,488.67,476.86,524.376,93.61400000000003
166,1.1571,93.38499999999999,115.267,141.909,117.09800000000001,124.97200000000004,113.89299999999997,81.11699999999996,85.32800000000003,138.06399999999996,102.815,101.35000000000002,115.632,77.17999999999995,105.56200000000001,118.654,128.17600000000004,89.99799999999999,88.25800000000004,121.12600000000003,123.964,125.70400000000001,459.464,460.929,481.895,491.6,478.874,526.94,96.45230000000004
167,1.16708,95.12400000000002,117.18900000000002,144.19799999999998,119.20400000000001,127.81,115.45000000000005,82.582,86.793,140.16999999999996,105.012,103.548,117.82999999999998,79.195,107.75999999999999,121.03499999999997,130.37300000000005,91.73699999999997,89.81400000000002,123.41500000000002,126.07000000000005,127.90100000000001,461.204,462.486,483.909,494.53,480.98,529.412,99.58780000000002
168,1.17706,96.95600000000002,119.11200000000002,146.57799999999997,121.21800000000002,130.73899999999998,116.91399999999999,83.95499999999998,88.34899999999999,142.45900000000006,107.118,105.745,120.20999999999998,81.392,109.957,123.50700000000006,132.75400000000002,93.38499999999999,91.64500000000004,125.70400000000001,128.084,130.098,462.944,464.225,485.832,497.734,483.177,531.884,102.60930000000002
169,1.18704,98.97000000000003,121.21800000000002,149.04999999999995,123.32400000000001,133.76100000000002,118.471,85.60299999999995,89.81400000000002,144.74800000000005,109.58999999999997,108.125,122.59100000000007,83.77199999999999,112.42900000000003,126.16200000000003,135.317,95.21600000000001,93.38499999999999,128.08499999999998,130.37300000000005,132.47899999999998,464.866,466.148,487.755,500.938,485.466,534.539,105.90500000000003
170,1.19703,100.80100000000004,123.32300000000004,151.33899999999994,125.52100000000002,136.78199999999998,120.02700000000004,87.15999999999997,91.37099999999998,147.12800000000004,111.87899999999996,110.41399999999999,125.06300000000005,86.15299999999996,114.80900000000003,128.817,137.97199999999998,97.04699999999997,95.03300000000002,130.55599999999998,132.57000000000005,134.95100000000002,466.88,468.071,489.86,504.143,487.846,537.194,109.22399999999999
